anio,mes,dia,hora(utc),altura(mm)
2016,5,6,2,-28 
2016,5,6,3,76 
2016,5,6,4,277 
2016,5,6,5,519 
2016,5,6,6,736 
2016,5,6,7,870 
2016,5,6,8,882 
2016,5,6,9,767 
2016,5,6,10,556 
2016,5,6,11,305 
2016,5,6,12,73 
2016,5,6,13,-81 
2016,5,6,14,-104 
2016,5,6,15,21 
2016,5,6,16,266 
2016,5,6,17,576 
2016,5,6,18,886 
2016,5,6,19,1124 
2016,5,6,20,1231 
2016,5,6,21,1184 
2016,5,6,22,996 
2016,5,6,23,714 
2016,5,7,0,398 
2016,5,7,1,117 
2016,5,7,2,-60 
2016,5,7,3,-91 
2016,5,7,4,24 
2016,5,7,5,245 
2016,5,7,6,511 
2016,5,7,7,751 
2016,5,7,8,898 
2016,5,7,9,911 
2016,5,7,10,786 
2016,5,7,11,559 
2016,5,7,12,285 
2016,5,7,13,30 
2016,5,7,14,-134 
2016,5,7,15,-150 
2016,5,7,16,-7 
2016,5,7,17,261 
2016,5,7,18,599 
2016,5,7,19,934 
2016,5,7,20,1185 
2016,5,7,21,1293 
2016,5,7,22,1233 
2016,5,7,23,1025 
2016,5,8,0,713 
2016,5,8,1,366 
2016,5,8,2,62 
2016,5,8,3,-121 
2016,5,8,4,-142 
2016,5,8,5,-10 
2016,5,8,6,233 
2016,5,8,7,523 
2016,5,8,8,780 
2016,5,8,9,933 
2016,5,8,10,941 
2016,5,8,11,803 
2016,5,8,12,557 
2016,5,8,13,261 
2016,5,8,14,-9 
2016,5,8,15,-173 
2016,5,8,16,-178 
2016,5,8,17,-20 
2016,5,8,18,267 
2016,5,8,19,623 
2016,5,8,20,969 
2016,5,8,21,1222 
2016,5,8,22,1321 
2016,5,8,23,1246 
2016,5,9,0,1016 
2016,5,9,1,680 
2016,5,9,2,313 
2016,5,9,3,6 
2016,5,9,4,-166 
2016,5,9,5,-171 
2016,5,9,6,-19 
2016,5,9,7,245 
2016,5,9,8,551 
2016,5,9,9,815 
2016,5,9,10,964 
2016,5,9,11,961 
2016,5,9,12,809 
2016,5,9,13,545 
2016,5,9,14,236 
2016,5,9,15,-35 
2016,5,9,16,-189 
2016,5,9,17,-180 
2016,5,9,18,-10 
2016,5,9,19,286 
2016,5,9,20,648 
2016,5,9,21,991 
2016,5,9,22,1231 
2016,5,9,23,1312 
2016,5,10,0,1218 
2016,5,10,1,969 
2016,5,10,2,618 
2016,5,10,3,252 
2016,5,10,4,-39 
2016,5,10,5,-188 
2016,5,10,6,-170 
2016,5,10,7,1 
2016,5,10,8,280 
2016,5,10,9,591 
2016,5,10,10,848 
2016,5,10,11,983 
2016,5,10,12,965 
2016,5,10,13,798 
2016,5,10,14,524 
2016,5,10,15,217 
2016,5,10,16,-41 
2016,5,10,17,-176 
2016,5,10,18,-153 
2016,5,10,19,24 
2016,5,10,20,321 
2016,5,10,21,673 
2016,5,10,22,997 
2016,5,10,23,1211 
2016,5,11,0,1267 
2016,5,11,1,1152 
2016,5,11,2,889 
2016,5,11,3,541 
2016,5,11,4,195 
2016,5,11,5,-65 
2016,5,11,6,-183 
2016,5,11,7,-141 
2016,5,11,8,47 
2016,5,11,9,330 
2016,5,11,10,632 
2016,5,11,11,870 
2016,5,11,12,984 
2016,5,11,13,947 
2016,5,11,14,770 
2016,5,11,15,499 
2016,5,11,16,208 
2016,5,11,17,-24 
2016,5,11,18,-136 
2016,5,11,19,-99 
2016,5,11,20,80 
2016,5,11,21,367 
2016,5,11,22,697 
2016,5,11,23,986 
2016,5,12,0,1164 
2016,5,12,1,1190 
2016,5,12,2,1055 
2016,5,12,3,791 
2016,5,12,4,463 
2016,5,12,5,153 
2016,5,12,6,-68 
2016,5,12,7,-152 
2016,5,12,8,-86 
2016,5,12,9,112 
2016,5,12,10,389 
2016,5,12,11,670 
2016,5,12,12,880 
2016,5,12,13,968 
2016,5,12,14,914 
2016,5,12,15,734 
2016,5,12,16,477 
2016,5,12,17,214 
2016,5,12,18,13 
2016,5,12,19,-75 
2016,5,12,20,-27 
2016,5,12,21,148 
2016,5,12,22,417 
2016,5,12,23,712 
2016,5,13,0,959 
2016,5,13,1,1096 
2016,5,13,2,1091 
2016,5,13,3,945 
2016,5,13,4,691 
2016,5,13,5,395 
2016,5,13,6,128 
2016,5,13,7,-50 
2016,5,13,8,-101 
2016,5,13,9,-14 
2016,5,13,10,186 
2016,5,13,11,448 
2016,5,13,12,699 
2016,5,13,13,877 
2016,5,13,14,940 
2016,5,13,15,873 
2016,5,13,16,698 
2016,5,13,17,464 
2016,5,13,18,232 
2016,5,13,19,62 
2016,5,13,20,-4 
2016,5,13,21,51 
2016,5,13,22,219 
2016,5,13,23,461 
2016,5,14,0,715 
2016,5,14,1,915 
2016,5,14,2,1013 
2016,5,14,3,985 
2016,5,14,4,836 
2016,5,14,5,602 
2016,5,14,6,344 
2016,5,14,7,120 
2016,5,14,8,-17 
2016,5,14,9,-37 
2016,5,14,10,65 
2016,5,14,11,261 
2016,5,14,12,501 
2016,5,14,13,721 
2016,5,14,14,869 
2016,5,14,15,910 
2016,5,14,16,836 
2016,5,14,17,672 
2016,5,14,18,461 
2016,5,14,19,259 
2016,5,14,20,115 
2016,5,14,21,66 
2016,5,14,22,125 
2016,5,14,23,279 
2016,5,15,0,491 
2016,5,15,1,703 
2016,5,15,2,861 
2016,5,15,3,928 
2016,5,15,4,885 
2016,5,15,5,741 
2016,5,15,6,532 
2016,5,15,7,310 
2016,5,15,8,127 
2016,5,15,9,25 
2016,5,15,10,30 
2016,5,15,11,140 
2016,5,15,12,328 
2016,5,15,13,546 
2016,5,15,14,739 
2016,5,15,15,862 
2016,5,15,16,887 
2016,5,15,17,811 
2016,5,15,18,658 
2016,5,15,19,467 
2016,5,15,20,287 
2016,5,15,21,163 
2016,5,15,22,126 
2016,5,15,23,183 
2016,5,16,0,321 
2016,5,16,1,502 
2016,5,16,2,678 
2016,5,16,3,804 
2016,5,16,4,850 
2016,5,16,5,801 
2016,5,16,6,667 
2016,5,16,7,482 
2016,5,16,8,291 
2016,5,16,9,141 
2016,5,16,10,67 
2016,5,16,11,91 
2016,5,16,12,206 
2016,5,16,13,385 
2016,5,16,14,585 
2016,5,16,15,758 
2016,5,16,16,863 
2016,5,16,17,878 
2016,5,16,18,801 
2016,5,16,19,654 
2016,5,16,20,475 
2016,5,16,21,310 
2016,5,16,22,199 
2016,5,16,23,167 
2016,5,17,0,219 
2016,5,17,1,339 
2016,5,17,2,496 
2016,5,17,3,647 
2016,5,17,4,753 
2016,5,17,5,788 
2016,5,17,6,737 
2016,5,17,7,613 
2016,5,17,8,447 
2016,5,17,9,280 
2016,5,17,10,154 
2016,5,17,11,102 
2016,5,17,12,139 
2016,5,17,13,258 
2016,5,17,14,433 
2016,5,17,15,623 
2016,5,17,16,783 
2016,5,17,17,877 
2016,5,17,18,883 
2016,5,17,19,801 
2016,5,17,20,654 
2016,5,17,21,481 
2016,5,17,22,323 
2016,5,17,23,217 
2016,5,18,0,185 
2016,5,18,1,231 
2016,5,18,2,340 
2016,5,18,3,483 
2016,5,18,4,620 
2016,5,18,5,716 
2016,5,18,6,744 
2016,5,18,7,693 
2016,5,18,8,574 
2016,5,18,9,421 
2016,5,18,10,270 
2016,5,18,11,161 
2016,5,18,12,124 
2016,5,18,13,174 
2016,5,18,14,301 
2016,5,18,15,478 
2016,5,18,16,665 
2016,5,18,17,818 
2016,5,18,18,903 
2016,5,18,19,897 
2016,5,18,20,805 
2016,5,18,21,652 
2016,5,18,22,477 
2016,5,18,23,318 
2016,5,19,0,212 
2016,5,19,1,180 
2016,5,19,2,225 
2016,5,19,3,332 
2016,5,19,4,472 
2016,5,19,5,605 
2016,5,19,6,696 
2016,5,19,7,719 
2016,5,19,8,663 
2016,5,19,9,544 
2016,5,19,10,396 
2016,5,19,11,253 
2016,5,19,12,155 
2016,5,19,13,134 
2016,5,19,14,200 
2016,5,19,15,341 
2016,5,19,16,526 
2016,5,19,17,716 
2016,5,19,18,864 
2016,5,19,19,936 
2016,5,19,20,914 
2016,5,19,21,806 
2016,5,19,22,641 
2016,5,19,23,456 
2016,5,20,0,291 
2016,5,20,1,185 
2016,5,20,2,158 
2016,5,20,3,212 
2016,5,20,4,328 
2016,5,20,5,472 
2016,5,20,6,607 
2016,5,20,7,694 
2016,5,20,8,706 
2016,5,20,9,640 
2016,5,20,10,516 
2016,5,20,11,364 
2016,5,20,12,224 
2016,5,20,13,137 
2016,5,20,14,135 
2016,5,20,15,224 
2016,5,20,16,384 
2016,5,20,17,583 
2016,5,20,18,776 
2016,5,20,19,917 
2016,5,20,20,971 
2016,5,20,21,926 
2016,5,20,22,796 
2016,5,20,23,612 
2016,5,21,0,413 
2016,5,21,1,243 
2016,5,21,2,143 
2016,5,21,3,132 
2016,5,21,4,204 
2016,5,21,5,336 
2016,5,21,6,491 
2016,5,21,7,627 
2016,5,21,8,705 
2016,5,21,9,701 
2016,5,21,10,619 
2016,5,21,11,481 
2016,5,21,12,321 
2016,5,21,13,182 
2016,5,21,14,111 
2016,5,21,15,136 
2016,5,21,16,253 
2016,5,21,17,436 
2016,5,21,18,650 
2016,5,21,19,845 
2016,5,21,20,972 
2016,5,21,21,1000 
2016,5,21,22,926 
2016,5,21,23,769 
2016,5,22,0,561 
2016,5,22,1,347 
2016,5,22,2,180 
2016,5,22,3,98 
2016,5,22,4,113 
2016,5,22,5,211 
2016,5,22,6,364 
2016,5,22,7,530 
2016,5,22,8,664 
2016,5,22,9,725 
2016,5,22,10,698 
2016,5,22,11,593 
2016,5,22,12,436 
2016,5,22,13,266 
2016,5,22,14,134 
2016,5,22,15,87 
2016,5,22,16,144 
2016,5,22,17,292 
2016,5,22,18,501 
2016,5,22,19,727 
2016,5,22,20,916 
2016,5,22,21,1021 
2016,5,22,22,1018 
2016,5,22,23,910 
2016,5,23,0,720 
2016,5,23,1,487 
2016,5,23,2,266 
2016,5,23,3,113 
2016,5,23,4,60 
2016,5,23,5,108 
2016,5,23,6,238 
2016,5,23,7,413 
2016,5,23,8,587 
2016,5,23,9,710 
2016,5,23,10,747 
2016,5,23,11,692 
2016,5,23,12,558 
2016,5,23,13,380 
2016,5,23,14,204 
2016,5,23,15,87 
2016,5,23,16,72 
2016,5,23,17,165 
2016,5,23,18,345 
2016,5,23,19,576 
2016,5,23,20,808 
2016,5,23,21,984 
2016,5,23,22,1060 
2016,5,23,23,1019 
2016,5,24,0,873 
2016,5,24,1,649 
2016,5,24,2,398 
2016,5,24,3,182 
2016,5,24,4,55 
2016,5,24,5,39 
2016,5,24,6,125 
2016,5,24,7,286 
2016,5,24,8,480 
2016,5,24,9,654 
2016,5,24,10,758 
2016,5,24,11,765 
2016,5,24,12,676 
2016,5,24,13,513 
2016,5,24,14,317 
2016,5,24,15,144 
2016,5,24,16,52 
2016,5,24,17,73 
2016,5,24,18,202 
2016,5,24,19,410 
2016,5,24,20,658 
2016,5,24,21,888 
2016,5,24,22,1042 
2016,5,24,23,1081 
2016,5,25,0,1000 
2016,5,25,1,813 
2016,5,25,2,561 
2016,5,25,3,305 
2016,5,25,4,108 
2016,5,25,5,16 
2016,5,25,6,40 
2016,5,25,7,164 
2016,5,25,8,354 
2016,5,25,9,560 
2016,5,25,10,724 
2016,5,25,11,802 
2016,5,25,12,775 
2016,5,25,13,651 
2016,5,25,14,462 
2016,5,25,15,256 
2016,5,25,16,97 
2016,5,25,17,35 
2016,5,25,18,92 
2016,5,25,19,253 
2016,5,25,20,485 
2016,5,25,21,741 
2016,5,25,22,959 
2016,5,25,23,1082 
2016,5,26,0,1081 
2016,5,26,1,957 
2016,5,26,2,735 
2016,5,26,3,467 
2016,5,26,4,219 
2016,5,26,5,52 
2016,5,26,6,0 
2016,5,26,7,65 
2016,5,26,8,224 
2016,5,26,9,436 
2016,5,26,10,644 
2016,5,26,11,790 
2016,5,26,12,837 
2016,5,26,13,775 
2016,5,26,14,619 
2016,5,26,15,411 
2016,5,26,16,208 
2016,5,26,17,70 
2016,5,26,18,40 
2016,5,26,19,128 
2016,5,26,20,315 
2016,5,26,21,563 
2016,5,26,22,817 
2016,5,26,23,1013 
2016,5,27,0,1099 
2016,5,27,1,1056 
2016,5,27,2,893 
2016,5,27,3,647 
2016,5,27,4,377 
2016,5,27,5,151 
2016,5,27,6,19 
2016,5,27,7,8 
2016,5,27,8,111 
2016,5,27,9,300 
2016,5,27,10,525 
2016,5,27,11,726 
2016,5,27,12,848 
2016,5,27,13,863 
2016,5,27,14,767 
2016,5,27,15,587 
2016,5,27,16,371 
2016,5,27,17,178 
2016,5,27,18,63 
2016,5,27,19,61 
2016,5,27,20,175 
2016,5,27,21,381 
2016,5,27,22,636 
2016,5,27,23,877 
2016,5,28,0,1042 
2016,5,28,1,1088 
2016,5,28,2,1006 
2016,5,28,3,814 
2016,5,28,4,557 
2016,5,28,5,299 
2016,5,28,6,101 
2016,5,28,7,7 
2016,5,28,8,35 
2016,5,28,9,174 
2016,5,28,10,386 
2016,5,28,11,615 
2016,5,28,12,802 
2016,5,28,13,899 
2016,5,28,14,883 
2016,5,28,15,761 
2016,5,28,16,565 
2016,5,28,17,348 
2016,5,28,18,168 
2016,5,28,19,74 
2016,5,28,20,94 
2016,5,28,21,227 
2016,5,28,22,444 
2016,5,28,23,694 
2016,5,29,0,913 
2016,5,29,1,1044 
2016,5,29,2,1053 
2016,5,29,3,939 
2016,5,29,4,729 
2016,5,29,5,474 
2016,5,29,6,235 
2016,5,29,7,69 
2016,5,29,8,12 
2016,5,29,9,77 
2016,5,29,10,245 
2016,5,29,11,473 
2016,5,29,12,702 
2016,5,29,13,874 
2016,5,29,14,948 
2016,5,29,15,907 
2016,5,29,16,764 
2016,5,29,17,558 
2016,5,29,18,343 
2016,5,29,19,172 
2016,5,29,20,93 
2016,5,29,21,128 
2016,5,29,22,273 
2016,5,29,23,491 
2016,5,30,0,728 
2016,5,30,1,922 
2016,5,30,2,1021 
2016,5,30,3,1001 
2016,5,30,4,867 
2016,5,30,5,650 
2016,5,30,6,403 
2016,5,30,7,186 
2016,5,30,8,50 
2016,5,30,9,26 
2016,5,30,10,123 
2016,5,30,11,316 
2016,5,30,12,555 
2016,5,30,13,782 
2016,5,30,14,943 
2016,5,30,15,999 
2016,5,30,16,940 
2016,5,30,17,783 
2016,5,30,18,569 
2016,5,30,19,352 
2016,5,30,20,185 
2016,5,30,21,112 
2016,5,30,22,155 
2016,5,30,23,302 
2016,5,31,0,514 
2016,5,31,1,736 
2016,5,31,2,908 
2016,5,31,3,984 
2016,5,31,4,946 
2016,5,31,5,801 
2016,5,31,6,583 
2016,5,31,7,346 
2016,5,31,8,149 
2016,5,31,9,37 
2016,5,31,10,41 
2016,5,31,11,164 
2016,5,31,12,376 
2016,5,31,13,625 
2016,5,31,14,855 
2016,5,31,15,1010 
2016,5,31,16,1057 
2016,5,31,17,986 
2016,5,31,18,818 
2016,5,31,19,593 
2016,5,31,20,368 
2016,5,31,21,197 
2016,5,31,22,124 
2016,5,31,23,165 
2016,6,1,0,308 
2016,6,1,1,512 
2016,6,1,2,723 
2016,6,1,3,882 
2016,6,1,4,947 
2016,6,1,5,901 
2016,6,1,6,752 
2016,6,1,7,536 
2016,6,1,8,306 
2016,6,1,9,121 
2016,6,1,10,25 
2016,6,1,11,48 
2016,6,1,12,190 
2016,6,1,13,418 
2016,6,1,14,680 
2016,6,1,15,918 
2016,6,1,16,1077 
2016,6,1,17,1121 
2016,6,1,18,1044 
2016,6,1,19,863 
2016,6,1,20,624 
2016,6,1,21,385 
2016,6,1,22,203 
2016,6,1,23,120 
2016,6,2,0,153 
2016,6,2,1,289 
2016,6,2,2,490 
2016,6,2,3,697 
2016,6,2,4,856 
2016,6,2,5,921 
2016,6,2,6,875 
2016,6,2,7,724 
2016,6,2,8,506 
2016,6,2,9,278 
2016,6,2,10,96 
2016,6,2,11,7 
2016,6,2,12,41 
2016,6,2,13,197 
2016,6,2,14,442 
2016,6,2,15,722 
2016,6,2,16,974 
2016,6,2,17,1143 
2016,6,2,18,1191 
2016,6,2,19,1106 
2016,6,2,20,911 
2016,6,2,21,654 
2016,6,2,22,396 
2016,6,2,23,196 
2016,6,3,0,97 
2016,6,3,1,120 
2016,6,3,2,254 
2016,6,3,3,458 
2016,6,3,4,674 
2016,6,3,5,841 
2016,6,3,6,915 
2016,6,3,7,871 
2016,6,3,8,718 
2016,6,3,9,495 
2016,6,3,10,261 
2016,6,3,11,73 
2016,6,3,12,-19 
2016,6,3,13,20 
2016,6,3,14,188 
2016,6,3,15,451 
2016,6,3,16,751 
2016,6,3,17,1022 
2016,6,3,18,1205 
2016,6,3,19,1255 
2016,6,3,20,1163 
2016,6,3,21,952 
2016,6,3,22,675 
2016,6,3,23,395 
2016,6,4,0,172 
2016,6,4,1,56 
2016,6,4,2,74 
2016,6,4,3,213 
2016,6,4,4,429 
2016,6,4,5,661 
2016,6,4,6,845 
2016,6,4,7,930 
2016,6,4,8,888 
2016,6,4,9,729 
2016,6,4,10,496 
2016,6,4,11,249 
2016,6,4,12,48 
2016,6,4,13,-50 
2016,6,4,14,-8 
2016,6,4,15,172 
2016,6,4,16,452 
2016,6,4,17,772 
2016,6,4,18,1063 
2016,6,4,19,1256 
2016,6,4,20,1306 
2016,6,4,21,1204 
2016,6,4,22,978 
2016,6,4,23,680 
2016,6,5,0,375 
2016,6,5,1,131 
2016,6,5,2,7 
2016,6,5,3,27 
2016,6,5,4,179 
2016,6,5,5,413 
2016,6,5,6,666 
2016,6,5,7,867 
2016,6,5,8,959 
2016,6,5,9,916 
2016,6,5,10,749 
2016,6,5,11,504 
2016,6,5,12,241 
2016,6,5,13,25 
2016,6,5,14,-79 
2016,6,5,15,-33 
2016,6,5,16,159 
2016,6,5,17,454 
2016,6,5,18,791 
2016,6,5,19,1094 
2016,6,5,20,1291 
2016,6,5,21,1337 
2016,6,5,22,1224 
2016,6,5,23,981 
2016,6,6,0,662 
2016,6,6,1,337 
2016,6,6,2,82 
2016,6,6,3,-41 
2016,6,6,4,-8 
2016,6,6,5,161 
2016,6,6,6,415 
2016,6,6,7,687 
2016,6,6,8,900 
2016,6,6,9,995 
2016,6,6,10,946 
2016,6,6,11,770 
2016,6,6,12,511 
2016,6,6,13,232 
2016,6,6,14,7 
2016,6,6,15,-95 
2016,6,6,16,-41 
2016,6,6,17,161 
2016,6,6,18,466 
2016,6,6,19,811 
2016,6,6,20,1116 
2016,6,6,21,1308 
2016,6,6,22,1343 
2016,6,6,23,1215 
2016,6,7,0,955 
2016,6,7,1,619 
2016,6,7,2,284 
2016,6,7,3,32 
2016,6,7,4,-76 
2016,6,7,5,-24 
2016,6,7,6,164 
2016,6,7,7,437 
2016,6,7,8,720 
2016,6,7,9,936 
2016,6,7,10,1027 
2016,6,7,11,970 
2016,6,7,12,783 
2016,6,7,13,512 
2016,6,7,14,226 
2016,6,7,15,3 
2016,6,7,16,-90 
2016,6,7,17,-25 
2016,6,7,18,183 
2016,6,7,19,491 
2016,6,7,20,833 
2016,6,7,21,1128 
2016,6,7,22,1303 
2016,6,7,23,1320 
2016,6,8,0,1175 
2016,6,8,1,899 
2016,6,8,2,556 
2016,6,8,3,227 
2016,6,8,4,-5 
2016,6,8,5,-89 
2016,6,8,6,-15 
2016,6,8,7,191 
2016,6,8,8,476 
2016,6,8,9,761 
2016,6,8,10,970 
2016,6,8,11,1048 
2016,6,8,12,979 
2016,6,8,13,782 
2016,6,8,14,506 
2016,6,8,15,224 
2016,6,8,16,16 
2016,6,8,17,-60 
2016,6,8,18,15 
2016,6,8,19,225 
2016,6,8,20,528 
2016,6,8,21,856 
2016,6,8,22,1127 
2016,6,8,23,1276 
2016,6,9,0,1269 
2016,6,9,1,1104 
2016,6,9,2,819 
2016,6,9,3,482 
2016,6,9,4,176 
2016,6,9,5,-24 
2016,6,9,6,-78 
2016,6,9,7,19 
2016,6,9,8,240 
2016,6,9,9,528 
2016,6,9,10,803 
2016,6,9,11,994 
2016,6,9,12,1055 
2016,6,9,13,971 
2016,6,9,14,767 
2016,6,9,15,496 
2016,6,9,16,231 
2016,6,9,17,47 
2016,6,9,18,-10 
2016,6,9,19,74 
2016,6,9,20,282 
2016,6,9,21,572 
2016,6,9,22,874 
2016,6,9,23,1112 
2016,6,10,0,1226 
2016,6,10,1,1190 
2016,6,10,2,1009 
2016,6,10,3,725 
2016,6,10,4,409 
2016,6,10,5,140 
2016,6,10,6,-22 
2016,6,10,7,-43 
2016,6,10,8,77 
2016,6,10,9,307 
2016,6,10,10,587 
2016,6,10,11,843 
2016,6,10,12,1009 
2016,6,10,13,1047 
2016,6,10,14,949 
2016,6,10,15,743 
2016,6,10,16,486 
2016,6,10,17,247 
2016,6,10,18,91 
2016,6,10,19,54 
2016,6,10,20,144 
2016,6,10,21,347 
2016,6,10,22,616 
2016,6,10,23,883 
2016,6,11,0,1079 
2016,6,11,1,1155 
2016,6,11,2,1092 
2016,6,11,3,901 
2016,6,11,4,630 
2016,6,11,5,348 
2016,6,11,6,121 
2016,6,11,7,0 
2016,6,11,8,12 
2016,6,11,9,151 
2016,6,11,10,383 
2016,6,11,11,648 
2016,6,11,12,877 
2016,6,11,13,1014 
2016,6,11,14,1027 
2016,6,11,15,917 
2016,6,11,16,716 
2016,6,11,17,479 
2016,6,11,18,270 
2016,6,11,19,140 
2016,6,11,20,120 
2016,6,11,21,217 
2016,6,11,22,409 
2016,6,11,23,651 
2016,6,12,0,878 
2016,6,12,1,1030 
2016,6,12,2,1069 
2016,6,12,3,985 
2016,6,12,4,794 
2016,6,12,5,546 
2016,6,12,6,302 
2016,6,12,7,118 
2016,6,12,8,38 
2016,6,12,9,80 
2016,6,12,10,233 
2016,6,12,11,461 
2016,6,12,12,705 
2016,6,12,13,904 
2016,6,12,14,1010 
2016,6,12,15,1002 
2016,6,12,16,884 
2016,6,12,17,692 
2016,6,12,18,477 
2016,6,12,19,294 
2016,6,12,20,188 
2016,6,12,21,183 
2016,6,12,22,281 
2016,6,12,23,460 
2016,6,13,0,671 
2016,6,13,1,856 
2016,6,13,2,968 
2016,6,13,3,978 
2016,6,13,4,881 
2016,6,13,5,699 
2016,6,13,6,478 
2016,6,13,7,272 
2016,6,13,8,129 
2016,6,13,9,85 
2016,6,13,10,152 
2016,6,13,11,314 
2016,6,13,12,534 
2016,6,13,13,755 
2016,6,13,14,925 
2016,6,13,15,1004 
2016,6,13,16,977 
2016,6,13,17,856 
2016,6,13,18,673 
2016,6,13,19,476 
2016,6,13,20,315 
2016,6,13,21,228 
2016,6,13,22,235 
2016,6,13,23,331 
2016,6,14,0,492 
2016,6,14,1,672 
2016,6,14,2,822 
2016,6,14,3,902 
2016,6,14,4,892 
2016,6,14,5,791 
2016,6,14,6,621 
2016,6,14,7,427 
2016,6,14,8,254 
2016,6,14,9,146 
2016,6,14,10,134 
2016,6,14,11,220 
2016,6,14,12,388 
2016,6,14,13,596 
2016,6,14,14,797 
2016,6,14,15,941 
2016,6,14,16,999 
2016,6,14,17,959 
2016,6,14,18,834 
2016,6,14,19,658 
2016,6,14,20,474 
2016,6,14,21,330 
2016,6,14,22,257 
2016,6,14,23,271 
2016,6,15,0,362 
2016,6,15,1,505 
2016,6,15,2,659 
2016,6,15,3,782 
2016,6,15,4,841 
2016,6,15,5,819 
2016,6,15,6,718 
2016,6,15,7,561 
2016,6,15,8,389 
2016,6,15,9,244 
2016,6,15,10,166 
2016,6,15,11,178 
2016,6,15,12,279 
2016,6,15,13,449 
2016,6,15,14,649 
2016,6,15,15,832 
2016,6,15,16,958 
2016,6,15,17,999 
2016,6,15,18,947 
2016,6,15,19,817 
2016,6,15,20,643 
2016,6,15,21,468 
2016,6,15,22,335 
2016,6,15,23,272 
2016,6,16,0,288 
2016,6,16,1,373 
2016,6,16,2,503 
2016,6,16,3,640 
2016,6,16,4,745 
2016,6,16,5,792 
2016,6,16,6,764 
2016,6,16,7,663 
2016,6,16,8,515 
2016,6,16,9,360 
2016,6,16,10,236 
2016,6,16,11,181 
2016,6,16,12,212 
2016,6,16,13,326 
2016,6,16,14,499 
2016,6,16,15,694 
2016,6,16,16,867 
2016,6,16,17,979 
2016,6,16,18,1005 
2016,6,16,19,940 
2016,6,16,20,802 
2016,6,16,21,625 
2016,6,16,22,455 
2016,6,16,23,327 
2016,6,17,0,268 
2016,6,17,1,286 
2016,6,17,2,370 
2016,6,17,3,495 
2016,6,17,4,624 
2016,6,17,5,721 
2016,6,17,6,760 
2016,6,17,7,725 
2016,6,17,8,622 
2016,6,17,9,479 
2016,6,17,10,334 
2016,6,17,11,226 
2016,6,17,12,188 
2016,6,17,13,236 
2016,6,17,14,363 
2016,6,17,15,544 
2016,6,17,16,739 
2016,6,17,17,906 
2016,6,17,18,1006 
2016,6,17,19,1016 
2016,6,17,20,934 
2016,6,17,21,783 
2016,6,17,22,601 
2016,6,17,23,428 
2016,6,18,0,302 
2016,6,18,1,248 
2016,6,18,2,272 
2016,6,18,3,362 
2016,6,18,4,491 
2016,6,18,5,620 
2016,6,18,6,715 
2016,6,18,7,746 
2016,6,18,8,701 
2016,6,18,9,591 
2016,6,18,10,447 
2016,6,18,11,306 
2016,6,18,12,208 
2016,6,18,13,186 
2016,6,18,14,252 
2016,6,18,15,397 
2016,6,18,16,589 
2016,6,18,17,789 
2016,6,18,18,952 
2016,6,18,19,1038 
2016,6,18,20,1028 
2016,6,18,21,925 
2016,6,18,22,758 
2016,6,18,23,564 
2016,6,19,0,386 
2016,6,19,1,261 
2016,6,19,2,216 
2016,6,19,3,255 
2016,6,19,4,360 
2016,6,19,5,500 
2016,6,19,6,636 
2016,6,19,7,728 
2016,6,19,8,748 
2016,6,19,9,688 
2016,6,19,10,565 
2016,6,19,11,414 
2016,6,19,12,272 
2016,6,19,13,181 
2016,6,19,14,177 
2016,6,19,15,266 
2016,6,19,16,433 
2016,6,19,17,641 
2016,6,19,18,848 
2016,6,19,19,1004 
2016,6,19,20,1072 
2016,6,19,21,1037 
2016,6,19,22,910 
2016,6,19,23,722 
2016,6,20,0,512 
2016,6,20,1,326 
2016,6,20,2,207 
2016,6,20,3,181 
2016,6,20,4,244 
2016,6,20,5,373 
2016,6,20,6,530 
2016,6,20,7,672 
2016,6,20,8,757 
2016,6,20,9,760 
2016,6,20,10,680 
2016,6,20,11,540 
2016,6,20,12,376 
2016,6,20,13,230 
2016,6,20,14,149 
2016,6,20,15,167 
2016,6,20,16,285 
2016,6,20,17,477 
2016,6,20,18,703 
2016,6,20,19,915 
2016,6,20,20,1060 
2016,6,20,21,1105 
2016,6,20,22,1041 
2016,6,20,23,884 
2016,6,21,0,669 
2016,6,21,1,441 
2016,6,21,2,253 
2016,6,21,3,151 
2016,6,21,4,154 
2016,6,21,5,249 
2016,6,21,6,405 
2016,6,21,7,580 
2016,6,21,8,725 
2016,6,21,9,799 
2016,6,21,10,779 
2016,6,21,11,674 
2016,6,21,12,512 
2016,6,21,13,331 
2016,6,21,14,183 
2016,6,21,15,119 
2016,6,21,16,165 
2016,6,21,17,314 
2016,6,21,18,531 
2016,6,21,19,773 
2016,6,21,20,985 
2016,6,21,21,1114 
2016,6,21,22,1130 
2016,6,21,23,1032 
2016,6,22,0,841 
2016,6,22,1,597 
2016,6,22,2,356 
2016,6,22,3,177 
2016,6,22,4,103 
2016,6,22,5,141 
2016,6,22,6,272 
2016,6,22,7,457 
2016,6,22,8,648 
2016,6,22,9,792 
2016,6,22,10,847 
2016,6,22,11,801 
2016,6,22,12,667 
2016,6,22,13,479 
2016,6,22,14,283 
2016,6,22,15,139 
2016,6,22,16,98 
2016,6,22,17,176 
2016,6,22,18,354 
2016,6,22,19,595 
2016,6,22,20,848 
2016,6,22,21,1053 
2016,6,22,22,1159 
2016,6,22,23,1140 
2016,6,23,0,1003 
2016,6,23,1,777 
2016,6,23,2,510 
2016,6,23,3,267 
2016,6,23,4,109 
2016,6,23,5,70 
2016,6,23,6,149 
2016,6,23,7,317 
2016,6,23,8,529 
2016,6,23,9,730 
2016,6,23,10,865 
2016,6,23,11,897 
2016,6,23,12,820 
2016,6,23,13,655 
2016,6,23,14,442 
2016,6,23,15,239 
2016,6,23,16,108 
2016,6,23,17,93 
2016,6,23,18,201 
2016,6,23,19,405 
2016,6,23,20,664 
2016,6,23,21,920 
2016,6,23,22,1110 
2016,6,23,23,1185 
2016,6,24,0,1128 
2016,6,24,1,951 
2016,6,24,2,693 
2016,6,24,3,414 
2016,6,24,4,184 
2016,6,24,5,57 
2016,6,24,6,59 
2016,6,24,7,179 
2016,6,24,8,381 
2016,6,24,9,615 
2016,6,24,10,819 
2016,6,24,11,938 
2016,6,24,12,943 
2016,6,24,13,833 
2016,6,24,14,639 
2016,6,24,15,408 
2016,6,24,16,206 
2016,6,24,17,93 
2016,6,24,18,105 
2016,6,24,19,238 
2016,6,24,20,463 
2016,6,24,21,731 
2016,6,24,22,981 
2016,6,24,23,1146 
2016,6,25,0,1184 
2016,6,25,1,1087 
2016,6,25,2,875 
2016,6,25,3,597 
2016,6,25,4,321 
2016,6,25,5,115 
2016,6,25,6,27 
2016,6,25,7,71 
2016,6,25,8,230 
2016,6,25,9,463 
2016,6,25,10,710 
2016,6,25,11,909 
2016,6,25,12,1007 
2016,6,25,13,981 
2016,6,25,14,841 
2016,6,25,15,622 
2016,6,25,16,382 
2016,6,25,17,189 
2016,6,25,18,95 
2016,6,25,19,129 
2016,6,25,20,282 
2016,6,25,21,520 
2016,6,25,22,789 
2016,6,25,23,1022 
2016,6,26,0,1155 
2016,6,26,1,1154 
2016,6,26,2,1020 
2016,6,26,3,783 
2016,6,26,4,500 
2016,6,26,5,240 
2016,6,26,6,67 
2016,6,26,7,19 
2016,6,26,8,104 
2016,6,26,9,298 
2016,6,26,10,554 
2016,6,26,11,807 
2016,6,26,12,994 
2016,6,26,13,1067 
2016,6,26,14,1012 
2016,6,26,15,844 
2016,6,26,16,609 
2016,6,26,17,369 
2016,6,26,18,186 
2016,6,26,19,109 
2016,6,26,20,160 
2016,6,26,21,326 
2016,6,26,22,569 
2016,6,26,23,830 
2016,6,27,0,1037 
2016,6,27,1,1134 
2016,6,27,2,1098 
2016,6,27,3,936 
2016,6,27,4,687 
2016,6,27,5,411 
2016,6,27,6,177 
2016,6,27,7,39 
2016,6,27,8,30 
2016,6,27,9,153 
2016,6,27,10,376 
2016,6,27,11,646 
2016,6,27,12,898 
2016,6,27,13,1068 
2016,6,27,14,1116 
2016,6,27,15,1035 
2016,6,27,16,848 
2016,6,27,17,605 
2016,6,27,18,366 
2016,6,27,19,193 
2016,6,27,20,129 
2016,6,27,21,192 
2016,6,27,22,365 
2016,6,27,23,605 
2016,6,28,0,847 
2016,6,28,1,1025 
2016,6,28,2,1091 
2016,6,28,3,1028 
2016,6,28,4,850 
2016,6,28,5,600 
2016,6,28,6,339 
2016,6,28,7,132 
2016,6,28,8,28 
2016,6,28,9,54 
2016,6,28,10,208 
2016,6,28,11,453 
2016,6,28,12,731 
2016,6,28,13,976 
2016,6,28,14,1129 
2016,6,28,15,1156 
2016,6,28,16,1056 
2016,6,28,17,856 
2016,6,28,18,607 
2016,6,28,19,371 
2016,6,28,20,204 
2016,6,28,21,149 
2016,6,28,22,218 
2016,6,28,23,391 
2016,6,29,0,621 
2016,6,29,1,843 
2016,6,29,2,996 
2016,6,29,3,1038 
2016,6,29,4,958 
2016,6,29,5,774 
2016,6,29,6,530 
2016,6,29,7,287 
2016,6,29,8,104 
2016,6,29,9,28 
2016,6,29,10,83 
2016,6,29,11,259 
2016,6,29,12,518 
2016,6,29,13,799 
2016,6,29,14,1036 
2016,6,29,15,1176 
2016,6,29,16,1190 
2016,6,29,17,1078 
2016,6,29,18,869 
2016,6,29,19,616 
2016,6,29,20,378 
2016,6,29,21,214 
2016,6,29,22,163 
2016,6,29,23,233 
2016,6,30,0,401 
2016,6,30,1,618 
2016,6,30,2,824 
2016,6,30,3,960 
2016,6,30,4,990 
2016,6,30,5,903 
2016,6,30,6,719 
2016,6,30,7,483 
2016,6,30,8,253 
2016,6,30,9,88 
2016,6,30,10,32 
2016,6,30,11,106 
2016,6,30,12,297 
2016,6,30,13,563 
2016,6,30,14,846 
2016,6,30,15,1080 
2016,6,30,16,1214 
2016,6,30,17,1220 
2016,6,30,18,1101 
2016,6,30,19,885 
2016,6,30,20,626 
2016,6,30,21,385 
2016,6,30,22,220 
2016,6,30,23,167 
2016,7,1,0,232 
2016,7,1,1,393 
2016,7,1,2,602 
2016,7,1,3,800 
2016,7,1,4,931 
2016,7,1,5,958 
2016,7,1,6,872 
2016,7,1,7,690 
2016,7,1,8,458 
2016,7,1,9,236 
2016,7,1,10,80 
2016,7,1,11,34 
2016,7,1,12,117 
2016,7,1,13,316 
2016,7,1,14,588 
2016,7,1,15,873 
2016,7,1,16,1110 
2016,7,1,17,1245 
2016,7,1,18,1250 
2016,7,1,19,1125 
2016,7,1,20,901 
2016,7,1,21,635 
2016,7,1,22,389 
2016,7,1,23,217 
2016,7,2,0,156 
2016,7,2,1,215 
2016,7,2,2,373 
2016,7,2,3,582 
2016,7,2,4,782 
2016,7,2,5,917 
2016,7,2,6,949 
2016,7,2,7,865 
2016,7,2,8,683 
2016,7,2,9,452 
2016,7,2,10,230 
2016,7,2,11,75 
2016,7,2,12,30 
2016,7,2,13,116 
2016,7,2,14,319 
2016,7,2,15,597 
2016,7,2,16,890 
2016,7,2,17,1133 
2016,7,2,18,1272 
2016,7,2,19,1276 
2016,7,2,20,1145 
2016,7,2,21,914 
2016,7,2,22,639 
2016,7,2,23,383 
2016,7,3,0,200 
2016,7,3,1,131 
2016,7,3,2,188 
2016,7,3,3,350 
2016,7,3,4,566 
2016,7,3,5,777 
2016,7,3,6,923 
2016,7,3,7,961 
2016,7,3,8,878 
2016,7,3,9,694 
2016,7,3,10,459 
2016,7,3,11,232 
2016,7,3,12,70 
2016,7,3,13,22 
2016,7,3,14,108 
2016,7,3,15,315 
2016,7,3,16,600 
2016,7,3,17,902 
2016,7,3,18,1153 
2016,7,3,19,1295 
2016,7,3,20,1295 
2016,7,3,21,1157 
2016,7,3,22,917 
2016,7,3,23,631 
2016,7,4,0,362 
2016,7,4,1,168 
2016,7,4,2,96 
2016,7,4,3,158 
2016,7,4,4,331 
2016,7,4,5,562 
2016,7,4,6,788 
2016,7,4,7,945 
2016,7,4,8,989 
2016,7,4,9,904 
2016,7,4,10,716 
2016,7,4,11,474 
2016,7,4,12,238 
2016,7,4,13,67 
2016,7,4,14,14 
2016,7,4,15,103 
2016,7,4,16,316 
2016,7,4,17,608 
2016,7,4,18,917 
2016,7,4,19,1171 
2016,7,4,20,1310 
2016,7,4,21,1304 
2016,7,4,22,1157 
2016,7,4,23,905 
2016,7,5,0,606 
2016,7,5,1,324 
2016,7,5,2,125 
2016,7,5,3,60 
2016,7,5,4,136 
2016,7,5,5,325 
2016,7,5,6,574 
2016,7,5,7,814 
2016,7,5,8,979 
2016,7,5,9,1023 
2016,7,5,10,934 
2016,7,5,11,741 
2016,7,5,12,490 
2016,7,5,13,244 
2016,7,5,14,67 
2016,7,5,15,16 
2016,7,5,16,110 
2016,7,5,17,329 
2016,7,5,18,626 
2016,7,5,19,936 
2016,7,5,20,1186 
2016,7,5,21,1316 
2016,7,5,22,1297 
2016,7,5,23,1137 
2016,7,6,0,871 
2016,7,6,1,559 
2016,7,6,2,272 
2016,7,6,3,82 
2016,7,6,4,34 
2016,7,6,5,130 
2016,7,6,6,338 
2016,7,6,7,602 
2016,7,6,8,852 
2016,7,6,9,1018 
2016,7,6,10,1056 
2016,7,6,11,961 
2016,7,6,12,759 
2016,7,6,13,500 
2016,7,6,14,248 
2016,7,6,15,75 
2016,7,6,16,34 
2016,7,6,17,136 
2016,7,6,18,359 
2016,7,6,19,656 
2016,7,6,20,959 
2016,7,6,21,1195 
2016,7,6,22,1307 
2016,7,6,23,1270 
2016,7,7,0,1092 
2016,7,7,1,813 
2016,7,7,2,495 
2016,7,7,3,217 
2016,7,7,4,49 
2016,7,7,5,26 
2016,7,7,6,145 
2016,7,7,7,372 
2016,7,7,8,647 
2016,7,7,9,897 
2016,7,7,10,1055 
2016,7,7,11,1083 
2016,7,7,12,977 
2016,7,7,13,765 
2016,7,7,14,501 
2016,7,7,15,253 
2016,7,7,16,94 
2016,7,7,17,68 
2016,7,7,18,179 
2016,7,7,19,403 
2016,7,7,20,693 
2016,7,7,21,981 
2016,7,7,22,1193 
2016,7,7,23,1279 
2016,7,8,0,1217 
2016,7,8,1,1021 
2016,7,8,2,733 
2016,7,8,3,423 
2016,7,8,4,169 
2016,7,8,5,33 
2016,7,8,6,42 
2016,7,8,7,186 
2016,7,8,8,427 
2016,7,8,9,705 
2016,7,8,10,946 
2016,7,8,11,1087 
2016,7,8,12,1097 
2016,7,8,13,976 
2016,7,8,14,755 
2016,7,8,15,492 
2016,7,8,16,260 
2016,7,8,17,124 
2016,7,8,18,115 
2016,7,8,19,234 
2016,7,8,20,457 
2016,7,8,21,734 
2016,7,8,22,997 
2016,7,8,23,1176 
2016,7,9,0,1229 
2016,7,9,1,1140 
2016,7,9,2,927 
2016,7,9,3,641 
2016,7,9,4,353 
2016,7,9,5,136 
2016,7,9,6,40 
2016,7,9,7,82 
2016,7,9,8,248 
2016,7,9,9,499 
2016,7,9,10,771 
2016,7,9,11,992 
2016,7,9,12,1108 
2016,7,9,13,1094 
2016,7,9,14,956 
2016,7,9,15,730 
2016,7,9,16,479 
2016,7,9,17,271 
2016,7,9,18,161 
2016,7,9,19,170 
2016,7,9,20,296 
2016,7,9,21,514 
2016,7,9,22,772 
2016,7,9,23,1001 
2016,7,10,0,1141 
2016,7,10,1,1157 
2016,7,10,2,1041 
2016,7,10,3,820 
2016,7,10,4,549 
2016,7,10,5,295 
2016,7,10,6,122 
2016,7,10,7,68 
2016,7,10,8,142 
2016,7,10,9,328 
2016,7,10,10,581 
2016,7,10,11,837 
2016,7,10,12,1031 
2016,7,10,13,1115 
2016,7,10,14,1075 
2016,7,10,15,921 
2016,7,10,16,698 
2016,7,10,17,465 
2016,7,10,18,285 
2016,7,10,19,200 
2016,7,10,20,226 
2016,7,10,21,359 
2016,7,10,22,568 
2016,7,10,23,799 
2016,7,11,0,989 
2016,7,11,1,1087 
2016,7,11,2,1068 
2016,7,11,3,932 
2016,7,11,4,713 
2016,7,11,5,467 
2016,7,11,6,253 
2016,7,11,7,125 
2016,7,11,8,112 
2016,7,11,9,216 
2016,7,11,10,416 
2016,7,11,11,664 
2016,7,11,12,897 
2016,7,11,13,1057 
2016,7,11,14,1108 
2016,7,11,15,1042 
2016,7,11,16,878 
2016,7,11,17,663 
2016,7,11,18,452 
2016,7,11,19,299 
2016,7,11,20,238 
2016,7,11,21,280 
2016,7,11,22,416 
2016,7,11,23,611 
2016,7,12,0,811 
2016,7,12,1,959 
2016,7,12,2,1018 
2016,7,12,3,970 
2016,7,12,4,825 
2016,7,12,5,617 
2016,7,12,6,400 
2016,7,12,7,227 
2016,7,12,8,142 
2016,7,12,9,166 
2016,7,12,10,295 
2016,7,12,11,502 
2016,7,12,12,738 
2016,7,12,13,943 
2016,7,12,14,1069 
2016,7,12,15,1089 
2016,7,12,16,1003 
2016,7,12,17,835 
2016,7,12,18,630 
2016,7,12,19,441 
2016,7,12,20,312 
2016,7,12,21,272 
2016,7,12,22,328 
2016,7,12,23,462 
2016,7,13,0,638 
2016,7,13,1,805 
2016,7,13,2,916 
2016,7,13,3,943 
2016,7,13,4,876 
2016,7,13,5,728 
2016,7,13,6,537 
2016,7,13,7,351 
2016,7,13,8,215 
2016,7,13,9,168 
2016,7,13,10,223 
2016,7,13,11,371 
2016,7,13,12,578 
2016,7,13,13,798 
2016,7,13,14,975 
2016,7,13,15,1070 
2016,7,13,16,1065 
2016,7,13,17,965 
2016,7,13,18,796 
2016,7,13,19,601 
2016,7,13,20,430 
2016,7,13,21,323 
2016,7,13,22,301 
2016,7,13,23,364 
2016,7,14,0,492 
2016,7,14,1,648 
2016,7,14,2,785 
2016,7,14,3,867 
2016,7,14,4,871 
2016,7,14,5,793 
2016,7,14,6,650 
2016,7,14,7,476 
2016,7,14,8,316 
2016,7,14,9,213 
2016,7,14,10,197 
2016,7,14,11,277 
2016,7,14,12,436 
2016,7,14,13,640 
2016,7,14,14,842 
2016,7,14,15,994 
2016,7,14,16,1065 
2016,7,14,17,1041 
2016,7,14,18,931 
2016,7,14,19,761 
2016,7,14,20,576 
2016,7,14,21,420 
2016,7,14,22,330 
2016,7,14,23,320 
2016,7,15,0,386 
2016,7,15,1,505 
2016,7,15,2,643 
2016,7,15,3,759 
2016,7,15,4,821 
2016,7,15,5,812 
2016,7,15,6,729 
2016,7,15,7,590 
2016,7,15,8,430 
2016,7,15,9,293 
2016,7,15,10,216 
2016,7,15,11,225 
2016,7,15,12,323 
2016,7,15,13,489 
2016,7,15,14,688 
2016,7,15,15,876 
2016,7,15,16,1010 
2016,7,15,17,1062 
2016,7,15,18,1024 
2016,7,15,19,903 
2016,7,15,20,731 
2016,7,15,21,552 
2016,7,15,22,408 
2016,7,15,23,328 
2016,7,16,0,325 
2016,7,16,1,392 
2016,7,16,2,506 
2016,7,16,3,633 
2016,7,16,4,737 
2016,7,16,5,788 
2016,7,16,6,771 
2016,7,16,7,683 
2016,7,16,8,546 
2016,7,16,9,397 
2016,7,16,10,276 
2016,7,16,11,218 
2016,7,16,12,246 
2016,7,16,13,357 
2016,7,16,14,529 
2016,7,16,15,726 
2016,7,16,16,906 
2016,7,16,17,1028 
2016,7,16,18,1067 
2016,7,16,19,1013 
2016,7,16,20,880 
2016,7,16,21,704 
2016,7,16,22,527 
2016,7,16,23,387 
2016,7,17,0,313 
2016,7,17,1,315 
2016,7,17,2,386 
2016,7,17,3,502 
2016,7,17,4,628 
2016,7,17,5,729 
2016,7,17,6,775 
2016,7,17,7,750 
2016,7,17,8,655 
2016,7,17,9,516 
2016,7,17,10,371 
2016,7,17,11,259 
2016,7,17,12,215 
2016,7,17,13,257 
2016,7,17,14,381 
2016,7,17,15,563 
2016,7,17,16,765 
2016,7,17,17,942 
2016,7,17,18,1056 
2016,7,17,19,1079 
2016,7,17,20,1008 
2016,7,17,21,861 
2016,7,17,22,675 
2016,7,17,23,494 
2016,7,18,0,353 
2016,7,18,1,282 
2016,7,18,2,293 
2016,7,18,3,377 
2016,7,18,4,504 
2016,7,18,5,638 
2016,7,18,6,742 
2016,7,18,7,783 
2016,7,18,8,747 
2016,7,18,9,641 
2016,7,18,10,495 
2016,7,18,11,347 
2016,7,18,12,238 
2016,7,18,13,202 
2016,7,18,14,259 
2016,7,18,15,400 
2016,7,18,16,597 
2016,7,18,17,809 
2016,7,18,18,988 
2016,7,18,19,1092 
2016,7,18,20,1098 
2016,7,18,21,1006 
2016,7,18,22,839 
2016,7,18,23,638 
2016,7,19,0,445 
2016,7,19,1,301 
2016,7,19,2,238 
2016,7,19,3,268 
2016,7,19,4,373 
2016,7,19,5,521 
2016,7,19,6,669 
2016,7,19,7,778 
2016,7,19,8,812 
2016,7,19,9,761 
2016,7,19,10,638 
2016,7,19,11,477 
2016,7,19,12,320 
2016,7,19,13,208 
2016,7,19,14,181 
2016,7,19,15,256 
2016,7,19,16,421 
2016,7,19,17,638 
2016,7,19,18,863 
2016,7,19,19,1042 
2016,7,19,20,1135 
2016,7,19,21,1119 
2016,7,19,22,1000 
2016,7,19,23,808 
2016,7,20,0,585 
2016,7,20,1,377 
2016,7,20,2,234 
2016,7,20,3,189 
2016,7,20,4,248 
2016,7,20,5,384 
2016,7,20,6,559 
2016,7,20,7,725 
2016,7,20,8,836 
2016,7,20,9,859 
2016,7,20,10,786 
2016,7,20,11,641 
2016,7,20,12,460 
2016,7,20,13,286 
2016,7,20,14,171 
2016,7,20,15,157 
2016,7,20,16,258 
2016,7,20,17,448 
2016,7,20,18,687 
2016,7,20,19,923 
2016,7,20,20,1101 
2016,7,20,21,1176 
2016,7,20,22,1132 
2016,7,20,23,982 
2016,7,21,0,758 
2016,7,21,1,510 
2016,7,21,2,292 
2016,7,21,3,160 
2016,7,21,4,146 
2016,7,21,5,242 
2016,7,21,6,415 
2016,7,21,7,620 
2016,7,21,8,802 
2016,7,21,9,911 
2016,7,21,10,917 
2016,7,21,11,820 
2016,7,21,12,646 
2016,7,21,13,438 
2016,7,21,14,248 
2016,7,21,15,134 
2016,7,21,16,140 
2016,7,21,17,267 
2016,7,21,18,483 
2016,7,21,19,742 
2016,7,21,20,986 
2016,7,21,21,1154 
2016,7,21,22,1206 
2016,7,21,23,1129 
2016,7,22,0,942 
2016,7,22,1,686 
2016,7,22,2,417 
2016,7,22,3,200 
2016,7,22,4,93 
2016,7,22,5,117 
2016,7,22,6,256 
2016,7,22,7,468 
2016,7,22,8,701 
2016,7,22,9,895 
2016,7,22,10,997 
2016,7,22,11,980 
2016,7,22,12,853 
2016,7,22,13,647 
2016,7,22,14,411 
2016,7,22,15,209 
2016,7,22,16,105 
2016,7,22,17,133 
2016,7,22,18,285 
2016,7,22,19,523 
2016,7,22,20,797 
2016,7,22,21,1042 
2016,7,22,22,1194 
2016,7,22,23,1215 
2016,7,23,0,1101 
2016,7,23,1,877 
2016,7,23,2,592 
2016,7,23,3,314 
2016,7,23,4,114 
2016,7,23,5,42 
2016,7,23,6,110 
2016,7,23,7,292 
2016,7,23,8,541 
2016,7,23,9,798 
2016,7,23,10,996 
2016,7,23,11,1082 
2016,7,23,12,1038 
2016,7,23,13,878 
2016,7,23,14,639 
2016,7,23,15,382 
2016,7,23,16,178 
2016,7,23,17,89 
2016,7,23,18,139 
2016,7,23,19,311 
2016,7,23,20,566 
2016,7,23,21,847 
2016,7,23,22,1083 
2016,7,23,23,1210 
2016,7,24,0,1197 
2016,7,24,1,1045 
2016,7,24,2,788 
2016,7,24,3,488 
2016,7,24,4,217 
2016,7,24,5,46 
2016,7,24,6,16 
2016,7,24,7,127 
2016,7,24,8,349 
2016,7,24,9,629 
2016,7,24,10,899 
2016,7,24,11,1091 
2016,7,24,12,1157 
2016,7,24,13,1082 
2016,7,24,14,889 
2016,7,24,15,624 
2016,7,24,16,356 
2016,7,24,17,160 
2016,7,24,18,87 
2016,7,24,19,154 
2016,7,24,20,342 
2016,7,24,21,607 
2016,7,24,22,886 
2016,7,24,23,1103 
2016,7,25,0,1198 
2016,7,25,1,1149 
2016,7,25,2,964 
2016,7,25,3,688 
2016,7,25,4,388 
2016,7,25,5,139 
2016,7,25,6,4 
2016,7,25,7,15 
2016,7,25,8,166 
2016,7,25,9,421 
2016,7,25,10,721 
2016,7,25,11,994 
2016,7,25,12,1171 
2016,7,25,13,1210 
2016,7,25,14,1105 
2016,7,25,15,885 
2016,7,25,16,605 
2016,7,25,17,338 
2016,7,25,18,153 
2016,7,25,19,96 
2016,7,25,20,177 
2016,7,25,21,376 
2016,7,25,22,643 
2016,7,25,23,909 
2016,7,26,0,1098 
2016,7,26,1,1160 
2016,7,26,2,1079 
2016,7,26,3,872 
2016,7,26,4,591 
2016,7,26,5,305 
2016,7,26,6,85 
2016,7,26,7,-12 
2016,7,26,8,36 
2016,7,26,9,220 
2016,7,26,10,498 
2016,7,26,11,807 
2016,7,26,12,1071 
2016,7,26,13,1226 
2016,7,26,14,1238 
2016,7,26,15,1108 
2016,7,26,16,871 
2016,7,26,17,588 
2016,7,26,18,328 
2016,7,26,19,157 
2016,7,26,20,114 
2016,7,26,21,206 
2016,7,26,22,409 
2016,7,26,23,669 
2016,7,27,0,913 
2016,7,27,1,1072 
2016,7,27,2,1103 
2016,7,27,3,999 
2016,7,27,4,783 
2016,7,27,5,509 
2016,7,27,6,245 
2016,7,27,7,57 
2016,7,27,8,-7 
2016,7,27,9,72 
2016,7,27,10,280 
2016,7,27,11,570 
2016,7,27,12,875 
2016,7,27,13,1123 
2016,7,27,14,1254 
2016,7,27,15,1243 
2016,7,27,16,1097 
2016,7,27,17,854 
2016,7,27,18,574 
2016,7,27,19,326 
2016,7,27,20,169 
2016,7,27,21,138 
2016,7,27,22,237 
2016,7,27,23,438 
2016,7,28,0,682 
2016,7,28,1,901 
2016,7,28,2,1032 
2016,7,28,3,1041 
2016,7,28,4,925 
2016,7,28,5,710 
2016,7,28,6,450 
2016,7,28,7,210 
2016,7,28,8,49 
2016,7,28,9,12 
2016,7,28,10,114 
2016,7,28,11,334 
2016,7,28,12,625 
2016,7,28,13,919 
2016,7,28,14,1147 
2016,7,28,15,1258 
2016,7,28,16,1233 
2016,7,28,17,1080 
2016,7,28,18,838 
2016,7,28,19,567 
2016,7,28,20,331 
2016,7,28,21,186 
2016,7,28,22,164 
2016,7,28,23,265 
2016,7,29,0,456 
2016,7,29,1,682 
2016,7,29,2,878 
2016,7,29,3,989 
2016,7,29,4,987 
2016,7,29,5,868 
2016,7,29,6,660 
2016,7,29,7,415 
2016,7,29,8,195 
2016,7,29,9,56 
2016,7,29,10,38 
2016,7,29,11,152 
2016,7,29,12,375 
2016,7,29,13,658 
2016,7,29,14,938 
2016,7,29,15,1151 
2016,7,29,16,1250 
2016,7,29,17,1218 
2016,7,29,18,1065 
2016,7,29,19,827 
2016,7,29,20,564 
2016,7,29,21,340 
2016,7,29,22,204 
2016,7,29,23,185 
2016,7,30,0,281 
2016,7,30,1,461 
2016,7,30,2,672 
2016,7,30,3,854 
2016,7,30,4,956 
2016,7,30,5,951 
2016,7,30,6,835 
2016,7,30,7,635 
2016,7,30,8,403 
2016,7,30,9,197 
2016,7,30,10,71 
2016,7,30,11,62 
2016,7,30,12,179 
2016,7,30,13,398 
2016,7,30,14,672 
2016,7,30,15,942 
2016,7,30,16,1145 
2016,7,30,17,1240 
2016,7,30,18,1207 
2016,7,30,19,1054 
2016,7,30,20,821 
2016,7,30,21,565 
2016,7,30,22,347 
2016,7,30,23,214 
2016,7,31,0,193 
2016,7,31,1,282 
2016,7,31,2,455 
2016,7,31,3,659 
2016,7,31,4,836 
2016,7,31,5,939 
2016,7,31,6,938 
2016,7,31,7,827 
2016,7,31,8,633 
2016,7,31,9,409 
2016,7,31,10,211 
2016,7,31,11,90 
2016,7,31,12,81 
2016,7,31,13,194 
2016,7,31,14,407 
2016,7,31,15,675 
2016,7,31,16,939 
2016,7,31,17,1140 
2016,7,31,18,1235 
2016,7,31,19,1201 
2016,7,31,20,1048 
2016,7,31,21,817 
2016,7,31,22,564 
2016,7,31,23,346 
2016,8,1,0,210 
2016,8,1,1,183 
2016,8,1,2,271 
2016,8,1,3,443 
2016,8,1,4,649 
2016,8,1,5,832 
2016,8,1,6,942 
2016,8,1,7,946 
2016,8,1,8,838 
2016,8,1,9,648 
2016,8,1,10,428 
2016,8,1,11,230 
2016,8,1,12,106 
2016,8,1,13,93 
2016,8,1,14,201 
2016,8,1,15,411 
2016,8,1,16,677 
2016,8,1,17,941 
2016,8,1,18,1142 
2016,8,1,19,1235 
2016,8,1,20,1198 
2016,8,1,21,1043 
2016,8,1,22,810 
2016,8,1,23,555 
2016,8,2,0,330 
2016,8,2,1,188 
2016,8,2,2,161 
2016,8,2,3,254 
2016,8,2,4,435 
2016,8,2,5,652 
2016,8,2,6,846 
2016,8,2,7,965 
2016,8,2,8,972 
2016,8,2,9,865 
2016,8,2,10,675 
2016,8,2,11,452 
2016,8,2,12,249 
2016,8,2,13,118 
2016,8,2,14,101 
2016,8,2,15,208 
2016,8,2,16,418 
2016,8,2,17,686 
2016,8,2,18,951 
2016,8,2,19,1150 
2016,8,2,20,1238 
2016,8,2,21,1194 
2016,8,2,22,1032 
2016,8,2,23,792 
2016,8,3,0,527 
2016,8,3,1,295 
2016,8,3,2,152 
2016,8,3,3,136 
2016,8,3,4,243 
2016,8,3,5,439 
2016,8,3,6,672 
2016,8,3,7,878 
2016,8,3,8,1002 
2016,8,3,9,1008 
2016,8,3,10,897 
2016,8,3,11,703 
2016,8,3,12,473 
2016,8,3,13,261 
2016,8,3,14,125 
2016,8,3,15,110 
2016,8,3,16,222 
2016,8,3,17,436 
2016,8,3,18,706 
2016,8,3,19,969 
2016,8,3,20,1162 
2016,8,3,21,1238 
2016,8,3,22,1181 
2016,8,3,23,1006 
2016,8,4,0,754 
2016,8,4,1,479 
2016,8,4,2,245 
2016,8,4,3,115 
2016,8,4,4,118 
2016,8,4,5,247 
2016,8,4,6,463 
2016,8,4,7,711 
2016,8,4,8,925 
2016,8,4,9,1046 
2016,8,4,10,1045 
2016,8,4,11,927 
2016,8,4,12,723 
2016,8,4,13,481 
2016,8,4,14,263 
2016,8,4,15,132 
2016,8,4,16,126 
2016,8,4,17,247 
2016,8,4,18,466 
2016,8,4,19,736 
2016,8,4,20,991 
2016,8,4,21,1170 
2016,8,4,22,1228 
2016,8,4,23,1152 
2016,8,5,0,960 
2016,8,5,1,693 
2016,8,5,2,414 
2016,8,5,3,192 
2016,8,5,4,88 
2016,8,5,5,120 
2016,8,5,6,274 
2016,8,5,7,510 
2016,8,5,8,768 
2016,8,5,9,980 
2016,8,5,10,1091 
2016,8,5,11,1075 
2016,8,5,12,942 
2016,8,5,13,724 
2016,8,5,14,473 
2016,8,5,15,258 
2016,8,5,16,142 
2016,8,5,17,152 
2016,8,5,18,284 
2016,8,5,19,507 
2016,8,5,20,772 
2016,8,5,21,1014 
2016,8,5,22,1169 
2016,8,5,23,1201 
2016,8,6,0,1100 
2016,8,6,1,888 
2016,8,6,2,613 
2016,8,6,3,342 
2016,8,6,4,149 
2016,8,6,5,80 
2016,8,6,6,146 
2016,8,6,7,326 
2016,8,6,8,577 
2016,8,6,9,837 
2016,8,6,10,1037 
2016,8,6,11,1127 
2016,8,6,12,1089 
2016,8,6,13,935 
2016,8,6,14,702 
2016,8,6,15,451 
2016,8,6,16,251 
2016,8,6,17,158 
2016,8,6,18,188 
2016,8,6,19,330 
2016,8,6,20,556 
2016,8,6,21,811 
2016,8,6,22,1029 
2016,8,6,23,1152 
2016,8,7,0,1151 
2016,8,7,1,1022 
2016,8,7,2,793 
2016,8,7,3,521 
2016,8,7,4,276 
2016,8,7,5,122 
2016,8,7,6,95 
2016,8,7,7,196 
2016,8,7,8,399 
2016,8,7,9,660 
2016,8,7,10,911 
2016,8,7,11,1087 
2016,8,7,12,1147 
2016,8,7,13,1080 
2016,8,7,14,903 
2016,8,7,15,661 
2016,8,7,16,420 
2016,8,7,17,247 
2016,8,7,18,180 
2016,8,7,19,231 
2016,8,7,20,384 
2016,8,7,21,609 
2016,8,7,22,846 
2016,8,7,23,1031 
2016,8,8,0,1116 
2016,8,8,1,1077 
2016,8,8,2,922 
2016,8,8,3,687 
2016,8,8,4,431 
2016,8,8,5,223 
2016,8,8,6,116 
2016,8,8,7,132 
2016,8,8,8,265 
2016,8,8,9,487 
2016,8,8,10,747 
2016,8,8,11,978 
2016,8,8,12,1121 
2016,8,8,13,1144 
2016,8,8,14,1046 
2016,8,8,15,850 
2016,8,8,16,610 
2016,8,8,17,390 
2016,8,8,18,247 
2016,8,8,19,209 
2016,8,8,20,279 
2016,8,8,21,442 
2016,8,8,22,660 
2016,8,8,23,870 
2016,8,9,0,1015 
2016,8,9,1,1058 
2016,8,9,2,985 
2016,8,9,3,811 
2016,8,9,4,581 
2016,8,9,5,354 
2016,8,9,6,190 
2016,8,9,7,129 
2016,8,9,8,186 
2016,8,9,9,347 
2016,8,9,10,580 
2016,8,9,11,829 
2016,8,9,12,1030 
2016,8,9,13,1133 
2016,8,9,14,1119 
2016,8,9,15,992 
2016,8,9,16,787 
2016,8,9,17,558 
2016,8,9,18,365 
2016,8,9,19,253 
2016,8,9,20,242 
2016,8,9,21,332 
2016,8,9,22,500 
2016,8,9,23,701 
2016,8,10,0,878 
2016,8,10,1,981 
2016,8,10,2,984 
2016,8,10,3,883 
2016,8,10,4,702 
2016,8,10,5,487 
2016,8,10,6,295 
2016,8,10,7,174 
2016,8,10,8,157 
2016,8,10,9,249 
2016,8,10,10,432 
2016,8,10,11,666 
2016,8,10,12,895 
2016,8,10,13,1060 
2016,8,10,14,1124 
2016,8,10,15,1075 
2016,8,10,16,929 
2016,8,10,17,724 
2016,8,10,18,512 
2016,8,10,19,347 
2016,8,10,20,265 
2016,8,10,21,279 
2016,8,10,22,383 
2016,8,10,23,549 
2016,8,11,0,728 
2016,8,11,1,868 
2016,8,11,2,932 
2016,8,11,3,902 
2016,8,11,4,785 
2016,8,11,5,606 
2016,8,11,6,413 
2016,8,11,7,256 
2016,8,11,8,175 
2016,8,11,9,196 
2016,8,11,10,316 
2016,8,11,11,511 
2016,8,11,12,738 
2016,8,11,13,940 
2016,8,11,14,1069 
2016,8,11,15,1098 
2016,8,11,16,1024 
2016,8,11,17,868 
2016,8,11,18,669 
2016,8,11,19,476 
2016,8,11,20,338 
2016,8,11,21,282 
2016,8,11,22,317 
2016,8,11,23,428 
2016,8,12,0,583 
2016,8,12,1,736 
2016,8,12,2,843 
2016,8,12,3,876 
2016,8,12,4,825 
2016,8,12,5,700 
2016,8,12,6,530 
2016,8,12,7,360 
2016,8,12,8,234 
2016,8,12,9,188 
2016,8,12,10,239 
2016,8,12,11,379 
2016,8,12,12,577 
2016,8,12,13,790 
2016,8,12,14,966 
2016,8,12,15,1064 
2016,8,12,16,1067 
2016,8,12,17,977 
2016,8,12,18,816 
2016,8,12,19,625 
2016,8,12,20,451 
2016,8,12,21,335 
2016,8,12,22,301 
2016,8,12,23,348 
2016,8,13,0,459 
2016,8,13,1,601 
2016,8,13,2,731 
2016,8,13,3,813 
2016,8,13,4,825 
2016,8,13,5,763 
2016,8,13,6,636 
2016,8,13,7,476 
2016,8,13,8,326 
2016,8,13,9,225 
2016,8,13,10,207 
2016,8,13,11,280 
2016,8,13,12,431 
2016,8,13,13,627 
2016,8,13,14,825 
2016,8,13,15,978 
2016,8,13,16,1055 
2016,8,13,17,1040 
2016,8,13,18,940 
2016,8,13,19,777 
2016,8,13,20,593 
2016,8,13,21,434 
2016,8,13,22,335 
2016,8,13,23,313 
2016,8,14,0,367 
2016,8,14,1,475 
2016,8,14,2,605 
2016,8,14,3,720 
2016,8,14,4,788 
2016,8,14,5,790 
2016,8,14,6,720 
2016,8,14,7,593 
2016,8,14,8,441 
2016,8,14,9,305 
2016,8,14,10,224 
2016,8,14,11,224 
2016,8,14,12,311 
2016,8,14,13,468 
2016,8,14,14,662 
2016,8,14,15,850 
2016,8,14,16,990 
2016,8,14,17,1052 
2016,8,14,18,1026 
2016,8,14,19,915 
2016,8,14,20,749 
2016,8,14,21,569 
2016,8,14,22,419 
2016,8,14,23,328 
2016,8,15,0,312 
2016,8,15,1,369 
2016,8,15,2,478 
2016,8,15,3,606 
2016,8,15,4,717 
2016,8,15,5,780 
2016,8,15,6,777 
2016,8,15,7,701 
2016,8,15,8,571 
2016,8,15,9,421 
2016,8,15,10,292 
2016,8,15,11,221 
2016,8,15,12,232 
2016,8,15,13,328 
2016,8,15,14,492 
2016,8,15,15,688 
2016,8,15,16,875 
2016,8,15,17,1009 
2016,8,15,18,1063 
2016,8,15,19,1024 
2016,8,15,20,901 
2016,8,15,21,727 
2016,8,15,22,545 
2016,8,15,23,394 
2016,8,16,0,304 
2016,8,16,1,293 
2016,8,16,2,359 
2016,8,16,3,478 
2016,8,16,4,615 
2016,8,16,5,733 
2016,8,16,6,799 
2016,8,16,7,790 
2016,8,16,8,705 
2016,8,16,9,566 
2016,8,16,10,410 
2016,8,16,11,280 
2016,8,16,12,210 
2016,8,16,13,226 
2016,8,16,14,332 
2016,8,16,15,507 
2016,8,16,16,714 
2016,8,16,17,906 
2016,8,16,18,1041 
2016,8,16,19,1086 
2016,8,16,20,1031 
2016,8,16,21,892 
2016,8,16,22,703 
2016,8,16,23,510 
2016,8,17,0,350 
2016,8,17,1,259 
2016,8,17,2,259 
2016,8,17,3,344 
2016,8,17,4,485 
2016,8,17,5,643 
2016,8,17,6,776 
2016,8,17,7,846 
2016,8,17,8,829 
2016,8,17,9,729 
2016,8,17,10,574 
2016,8,17,11,404 
2016,8,17,12,261 
2016,8,17,13,184 
2016,8,17,14,206 
2016,8,17,15,327 
2016,8,17,16,521 
2016,8,17,17,745 
2016,8,17,18,947 
2016,8,17,19,1081 
2016,8,17,20,1115 
2016,8,17,21,1040 
2016,8,17,22,877 
2016,8,17,23,666 
2016,8,18,0,453 
2016,8,18,1,282 
2016,8,18,2,196 
2016,8,18,3,218 
2016,8,18,4,335 
2016,8,18,5,509 
2016,8,18,6,696 
2016,8,18,7,847 
2016,8,18,8,919 
2016,8,18,9,890 
2016,8,18,10,768 
2016,8,18,11,588 
2016,8,18,12,393 
2016,8,18,13,229 
2016,8,18,14,147 
2016,8,18,15,178 
2016,8,18,16,320 
2016,8,18,17,537 
2016,8,18,18,781 
2016,8,18,19,994 
2016,8,18,20,1125 
2016,8,18,21,1142 
2016,8,18,22,1041 
2016,8,18,23,848 
2016,8,19,0,608 
2016,8,19,1,371 
2016,8,19,2,194 
2016,8,19,3,125 
2016,8,19,4,182 
2016,8,19,5,340 
2016,8,19,6,556 
2016,8,19,7,775 
2016,8,19,8,943 
2016,8,19,9,1012 
2016,8,19,10,963 
2016,8,19,11,814 
2016,8,19,12,601 
2016,8,19,13,373 
2016,8,19,14,187 
2016,8,19,15,103 
2016,8,19,16,151 
2016,8,19,17,316 
2016,8,19,18,558 
2016,8,19,19,820 
2016,8,19,20,1041 
2016,8,19,21,1164 
2016,8,19,22,1157 
2016,8,19,23,1024 
2016,8,20,0,796 
2016,8,20,1,525 
2016,8,20,2,270 
2016,8,20,3,100 
2016,8,20,4,62 
2016,8,20,5,162 
2016,8,20,6,366 
2016,8,20,7,624 
2016,8,20,8,874 
2016,8,20,9,1052 
2016,8,20,10,1110 
2016,8,20,11,1037 
2016,8,20,12,853 
2016,8,20,13,601 
2016,8,20,14,340 
2016,8,20,15,140 
2016,8,20,16,63 
2016,8,20,17,130 
2016,8,20,18,318 
2016,8,20,19,582 
2016,8,20,20,859 
2016,8,20,21,1081 
2016,8,20,22,1187 
2016,8,20,23,1152 
2016,8,21,0,984 
2016,8,21,1,721 
2016,8,21,2,424 
2016,8,21,3,165 
2016,8,21,4,16 
2016,8,21,5,18 
2016,8,21,6,163 
2016,8,21,7,412 
2016,8,21,8,707 
2016,8,21,9,979 
2016,8,21,10,1158 
2016,8,21,11,1199 
2016,8,21,12,1096 
2016,8,21,13,874 
2016,8,21,14,585 
2016,8,21,15,300 
2016,8,21,16,97 
2016,8,21,17,34 
2016,8,21,18,120 
2016,8,21,19,328 
2016,8,21,20,609 
2016,8,21,21,894 
2016,8,21,22,1107 
2016,8,21,23,1191 
2016,8,22,0,1123 
2016,8,22,1,921 
2016,8,22,2,630 
2016,8,22,3,321 
2016,8,22,4,74 
2016,8,22,5,-43 
2016,8,22,6,0 
