Date Time, Water Level, Sigma, I, L 
2016-05-01 00:00,1.180,0.012,0,0
2016-05-01 01:00,1.230,0.022,0,0
2016-05-01 02:00,1.262,0.016,0,0
2016-05-01 03:00,1.178,0.018,0,0
2016-05-01 04:00,1.046,0.015,0,0
2016-05-01 05:00,0.904,0.014,0,0
2016-05-01 06:00,0.790,0.005,0,0
2016-05-01 07:00,0.697,0.014,0,0
2016-05-01 08:00,0.831,0.012,0,0
2016-05-01 09:00,0.912,0.021,0,0
2016-05-01 10:00,1.048,0.011,0,0
2016-05-01 11:00,1.226,0.014,0,0
2016-05-01 12:00,1.297,0.012,0,0
2016-05-01 13:00,1.220,0.006,0,0
2016-05-01 14:00,1.124,0.008,0,0
2016-05-01 15:00,0.923,0.012,0,0
2016-05-01 16:00,0.680,0.012,0,0
2016-05-01 17:00,0.415,0.020,0,0
2016-05-01 18:00,0.188,0.007,0,0
2016-05-01 19:00,0.092,0.026,0,0
2016-05-01 20:00,0.103,0.013,0,0
2016-05-01 21:00,0.313,,0,0
2016-05-01 22:00,0.541,0.014,0,0
2016-05-01 23:00,0.864,0.017,0,0
2016-05-02 00:00,1.107,0.012,0,0
2016-05-02 01:00,1.283,0.018,0,0
2016-05-02 02:00,1.342,0.015,0,0
2016-05-02 03:00,1.339,0.012,0,0
2016-05-02 04:00,1.090,0.020,0,0
2016-05-02 05:00,0.893,0.008,0,0
2016-05-02 06:00,0.655,0.014,0,0
2016-05-02 07:00,0.519,0.017,0,0
2016-05-02 08:00,0.474,0.007,0,0
2016-05-02 09:00,0.545,0.007,0,0
2016-05-02 10:00,0.685,0.023,0,0
2016-05-02 11:00,0.928,0.015,0,0
2016-05-02 12:00,1.119,0.024,0,0
2016-05-02 13:00,1.309,0.021,0,0
2016-05-02 14:00,1.272,0.014,0,0
2016-05-02 15:00,1.185,0.014,0,0
2016-05-02 16:00,0.909,0.007,0,0
2016-05-02 17:00,0.593,0.021,0,0
2016-05-02 18:00,0.269,0.011,0,0
2016-05-02 19:00,0.118,0.016,0,0
2016-05-02 20:00,0.010,0.017,0,0
2016-05-02 21:00,0.148,0.015,0,0
2016-05-02 22:00,0.370,0.009,0,0
2016-05-02 23:00,0.666,0.013,0,0
2016-05-03 00:00,1.015,0.021,0,0
2016-05-03 01:00,1.289,0.007,0,0
2016-05-03 02:00,1.455,0.012,0,0
2016-05-03 03:00,1.460,0.012,0,0
2016-05-03 04:00,1.289,0.004,0,0
2016-05-03 05:00,1.052,0.014,0,0
2016-05-03 06:00,0.746,0.018,0,0
2016-05-03 07:00,0.501,0.011,0,0
2016-05-03 08:00,0.324,0.008,0,0
2016-05-03 09:00,0.240,0.018,0,0
2016-05-03 10:00,0.424,0.009,0,0
2016-05-03 11:00,0.621,0.008,0,0
2016-05-03 12:00,0.919,0.007,0,0
2016-05-03 13:00,1.173,0.011,0,0
2016-05-03 14:00,1.294,0.013,0,0
2016-05-03 15:00,1.320,0.014,0,0
2016-05-03 16:00,1.242,0.011,0,0
2016-05-03 17:00,0.938,0.016,0,0
2016-05-03 18:00,0.605,0.023,0,0
2016-05-03 19:00,0.321,0.017,0,0
2016-05-03 20:00,0.139,0.009,0,0
2016-05-03 21:00,0.072,0.014,0,0
2016-05-03 22:00,0.280,0.010,0,0
2016-05-03 23:00,0.542,0.010,0,0
2016-05-04 00:00,0.954,0.014,0,0
2016-05-04 01:00,1.234,0.009,0,0
2016-05-04 02:00,1.539,0.031,0,0
2016-05-04 03:00,1.680,0.027,0,0
2016-05-04 04:00,1.616,0.016,0,0
2016-05-04 05:00,1.306,0.033,0,0
2016-05-04 06:00,0.955,0.019,0,0
2016-05-04 07:00,0.573,0.024,0,0
2016-05-04 08:00,0.234,0.019,0,0
2016-05-04 09:00,0.069,0.011,0,0
2016-05-04 10:00,0.048,0.009,0,0
2016-05-04 11:00,0.199,0.006,0,0
2016-05-04 12:00,0.584,0.009,0,0
2016-05-04 13:00,0.869,0.009,0,0
2016-05-04 14:00,1.196,0.007,0,0
2016-05-04 15:00,1.362,0.011,0,0
2016-05-04 16:00,1.381,0.023,0,0
2016-05-04 17:00,1.211,0.010,0,0
2016-05-04 18:00,0.875,0.021,0,0
2016-05-04 19:00,0.529,0.044,0,0
2016-05-04 20:00,0.294,0.009,0,0
2016-05-04 21:00,0.176,0.011,0,0
2016-05-04 22:00,0.137,0.008,0,0
2016-05-04 23:00,0.374,0.023,0,0
2016-05-05 00:00,0.733,0.026,0,0
2016-05-05 01:00,1.172,0.013,0,0
2016-05-05 02:00,1.565,0.013,0,0
2016-05-05 03:00,1.779,0.023,0,0
2016-05-05 04:00,1.812,0.016,0,0
2016-05-05 05:00,1.686,0.012,0,0
2016-05-05 06:00,1.288,0.009,0,0
2016-05-05 07:00,0.793,0.011,0,0
2016-05-05 08:00,0.409,0.016,0,0
2016-05-05 09:00,0.056,0.014,0,0
2016-05-05 10:00,-0.055,0.010,0,0
2016-05-05 11:00,-0.043,0.006,0,0
2016-05-05 12:00,0.219,0.024,0,0
2016-05-05 13:00,0.530,0.015,0,0
2016-05-05 14:00,0.944,0.008,0,0
2016-05-05 15:00,1.183,0.014,0,0
2016-05-05 16:00,1.379,0.016,0,0
2016-05-05 17:00,1.355,0.011,0,0
2016-05-05 18:00,1.172,0.017,0,0
2016-05-05 19:00,0.841,0.013,0,0
2016-05-05 20:00,0.516,0.011,0,0
2016-05-05 21:00,0.269,0.016,0,0
2016-05-05 22:00,0.163,0.007,0,0
2016-05-05 23:00,0.326,0.008,0,0
2016-05-06 00:00,0.580,0.015,0,0
2016-05-06 01:00,0.963,0.009,0,0
2016-05-06 02:00,1.395,0.010,0,0
2016-05-06 03:00,1.803,0.011,0,0
2016-05-06 04:00,1.930,0.013,0,0
2016-05-06 05:00,1.896,0.010,0,0
2016-05-06 06:00,1.632,0.010,0,0
2016-05-06 07:00,1.202,0.018,0,0
2016-05-06 08:00,0.707,0.006,0,0
2016-05-06 09:00,0.211,0.006,0,0
2016-05-06 10:00,-0.061,0.012,0,0
2016-05-06 11:00,-0.239,0.015,0,0
2016-05-06 12:00,-0.142,0.009,0,0
2016-05-06 13:00,0.128,0.004,0,0
2016-05-06 14:00,0.507,0.006,0,0
2016-05-06 15:00,0.915,0.013,0,0
2016-05-06 16:00,1.261,0.007,0,0
2016-05-06 17:00,1.372,0.016,0,0
2016-05-06 18:00,1.315,0.013,0,0
2016-05-06 19:00,1.155,0.009,0,0
2016-05-06 20:00,0.823,0.012,0,0
2016-05-06 21:00,0.568,0.007,0,0
2016-05-06 22:00,0.316,0.006,0,0
2016-05-06 23:00,0.283,0.005,0,0
2016-05-07 00:00,0.449,0.007,0,0
2016-05-07 01:00,0.797,0.010,0,0
2016-05-07 02:00,1.203,0.008,0,0
2016-05-07 03:00,1.625,0.009,0,0
2016-05-07 04:00,1.911,0.007,0,0
2016-05-07 05:00,2.039,0.012,0,0
2016-05-07 06:00,1.902,0.012,0,0
2016-05-07 07:00,1.564,0.009,0,0
2016-05-07 08:00,1.016,0.007,0,0
2016-05-07 09:00,0.523,0.014,0,0
2016-05-07 10:00,0.066,0.010,0,0
2016-05-07 11:00,-0.205,0.006,0,0
2016-05-07 12:00,-0.316,0.005,0,0
2016-05-07 13:00,-0.228,0.011,0,0
2016-05-07 14:00,0.056,0.010,0,0
2016-05-07 15:00,0.504,0.005,0,0
2016-05-07 16:00,0.908,0.009,0,0
2016-05-07 17:00,1.201,0.016,0,0
2016-05-07 18:00,1.308,0.010,0,0
2016-05-07 19:00,1.289,0.007,0,0
2016-05-07 20:00,1.065,0.010,0,0
2016-05-07 21:00,0.839,0.013,0,0
2016-05-07 22:00,0.577,0.006,0,0
2016-05-07 23:00,0.420,0.008,0,0
2016-05-08 00:00,0.411,0.009,0,0
2016-05-08 01:00,0.647,0.012,0,0
2016-05-08 02:00,0.938,0.014,0,0
2016-05-08 03:00,1.385,0.014,0,0
2016-05-08 04:00,1.716,0.011,0,0
2016-05-08 05:00,1.978,0.017,0,0
2016-05-08 06:00,1.971,0.018,0,0
2016-05-08 07:00,1.810,0.012,0,0
2016-05-08 08:00,1.422,0.009,0,0
2016-05-08 09:00,0.890,0.017,0,0
2016-05-08 10:00,0.341,0.007,0,0
2016-05-08 11:00,-0.028,0.032,0,0
2016-05-08 12:00,-0.285,0.007,0,0
2016-05-08 13:00,-0.337,0.007,0,0
2016-05-08 14:00,-0.228,0.008,0,0
2016-05-08 15:00,0.098,0.006,0,0
2016-05-08 16:00,0.481,0.024,0,0
2016-05-08 17:00,0.878,0.005,0,0
2016-05-08 18:00,1.115,0.009,0,0
2016-05-08 19:00,1.243,0.008,0,0
2016-05-08 20:00,1.180,0.017,0,0
2016-05-08 21:00,1.049,0.008,0,0
2016-05-08 22:00,0.835,0.005,0,0
2016-05-08 23:00,0.634,0.009,0,0
2016-05-09 00:00,0.528,0.007,0,0
2016-05-09 01:00,0.576,0.006,0,0
2016-05-09 02:00,0.772,0.006,0,0
2016-05-09 03:00,1.092,0.008,0,0
2016-05-09 04:00,1.442,0.009,0,0
2016-05-09 05:00,1.726,0.007,0,0
2016-05-09 06:00,1.914,0.013,0,0
2016-05-09 07:00,1.866,0.012,0,0
2016-05-09 08:00,1.679,0.014,0,0
2016-05-09 09:00,1.276,0.008,0,0
2016-05-09 10:00,0.797,0.006,0,0
2016-05-09 11:00,0.341,0.009,0,0
2016-05-09 12:00,-0.064,0.008,0,0
2016-05-09 13:00,-0.277,0.005,0,0
2016-05-09 14:00,-0.329,0.008,0,0
2016-05-09 15:00,-0.184,0.005,0,0
2016-05-09 16:00,0.102,0.007,0,0
2016-05-09 17:00,0.512,0.016,0,0
2016-05-09 18:00,0.822,0.016,0,0
2016-05-09 19:00,1.070,0.010,0,0
2016-05-09 20:00,1.175,0.008,0,0
2016-05-09 21:00,1.156,,0,0
2016-05-09 22:00,1.011,0.005,0,0
2016-05-09 23:00,0.874,0.008,0,0
2016-05-10 00:00,0.699,0.009,0,0
2016-05-10 01:00,0.649,0.007,0,0
2016-05-10 02:00,0.684,0.006,0,0
2016-05-10 03:00,0.864,0.015,0,0
2016-05-10 04:00,1.124,0.012,0,0
2016-05-10 05:00,1.419,0.008,0,0
2016-05-10 06:00,1.656,0.010,0,0
2016-05-10 07:00,1.787,0.009,0,0
2016-05-10 08:00,1.750,0.009,0,0
2016-05-10 09:00,1.512,0.006,0,0
2016-05-10 10:00,1.139,0.012,0,0
2016-05-10 11:00,0.712,0.005,0,0
2016-05-10 12:00,0.312,0.017,0,0
2016-05-10 13:00,-0.019,0.003,0,0
2016-05-10 14:00,-0.196,0.006,0,0
2016-05-10 15:00,-0.236,0.013,0,0
2016-05-10 16:00,-0.098,0.012,0,0
2016-05-10 17:00,0.138,0.007,0,0
2016-05-10 18:00,0.510,0.014,0,0
2016-05-10 19:00,0.796,0.019,0,0
2016-05-10 20:00,1.049,0.006,0,0
2016-05-10 21:00,1.151,0.008,0,0
2016-05-10 22:00,1.112,0.009,0,0
2016-05-10 23:00,1.030,0.018,0,0
2016-05-11 00:00,0.922,0.010,0,0
2016-05-11 01:00,0.775,0.011,0,0
2016-05-11 02:00,0.696,0.007,0,0
2016-05-11 03:00,0.779,0.009,0,0
2016-05-11 04:00,0.903,0.012,0,0
2016-05-11 05:00,1.112,0.013,0,0
2016-05-11 06:00,1.310,0.012,0,0
2016-05-11 07:00,1.529,0.018,0,0
2016-05-11 08:00,1.598,0.020,0,0
2016-05-11 09:00,1.547,0.009,0,0
2016-05-11 10:00,1.358,0.012,0,0
2016-05-11 11:00,1.064,0.011,0,0
2016-05-11 12:00,0.695,0.017,0,0
2016-05-11 13:00,0.331,0.008,0,0
2016-05-11 14:00,0.035,0.007,0,0
2016-05-11 15:00,-0.125,0.008,0,0
2016-05-11 16:00,-0.119,0.004,0,0
2016-05-11 17:00,0.045,0.006,0,0
2016-05-11 18:00,0.199,0.005,0,0
2016-05-11 19:00,0.544,0.007,0,0
2016-05-11 20:00,0.795,0.007,0,0
2016-05-11 21:00,1.017,0.005,0,0
2016-05-11 22:00,1.133,0.008,0,0
2016-05-11 23:00,1.159,0.010,0,0
2016-05-12 00:00,1.129,0.012,0,0
2016-05-12 01:00,0.986,0.014,0,0
2016-05-12 02:00,0.886,0.009,0,0
2016-05-12 03:00,0.844,0.008,0,0
2016-05-12 04:00,0.837,0.009,0,0
2016-05-12 05:00,0.903,0.006,0,0
2016-05-12 06:00,1.039,0.005,0,0
2016-05-12 07:00,1.246,0.015,0,0
2016-05-12 08:00,1.380,0.010,0,0
2016-05-12 09:00,1.412,0.009,0,0
2016-05-12 10:00,1.366,0.006,0,0
2016-05-12 11:00,1.219,0.010,0,0
2016-05-12 12:00,0.958,0.014,0,0
2016-05-12 13:00,0.702,0.006,0,0
2016-05-12 14:00,0.437,0.010,0,0
2016-05-12 15:00,0.174,0.006,0,0
2016-05-12 16:00,0.024,0.004,0,0
2016-05-12 17:00,0.029,0.004,0,0
2016-05-12 18:00,0.093,0.007,0,0
2016-05-12 19:00,0.353,0.006,0,0
2016-05-12 20:00,0.595,0.004,0,0
2016-05-12 21:00,0.800,0.008,0,0
2016-05-12 22:00,1.047,0.006,0,0
2016-05-12 23:00,1.176,0.005,0,0
2016-05-13 00:00,1.215,0.007,0,0
2016-05-13 01:00,1.179,0.010,0,0
2016-05-13 02:00,1.085,0.005,0,0
2016-05-13 03:00,0.992,0.018,0,0
2016-05-13 04:00,0.832,0.015,0,0
2016-05-13 05:00,0.797,0.006,0,0
2016-05-13 06:00,0.814,0.019,0,0
2016-05-13 07:00,0.956,0.003,0,0
2016-05-13 08:00,1.083,0.006,0,0
2016-05-13 09:00,1.187,0.012,0,0
2016-05-13 10:00,1.277,0.007,0,0
2016-05-13 11:00,1.280,0.011,0,0
2016-05-13 12:00,1.206,0.013,0,0
2016-05-13 13:00,1.039,0.008,0,0
2016-05-13 14:00,0.781,0.013,0,0
2016-05-13 15:00,0.527,0.009,0,0
2016-05-13 16:00,0.261,0.006,0,0
2016-05-13 17:00,0.156,0.004,0,0
2016-05-13 18:00,0.077,0.006,0,0
2016-05-13 19:00,0.179,0.004,0,0
2016-05-13 20:00,0.359,0.013,0,0
2016-05-13 21:00,0.588,0.007,0,0
2016-05-13 22:00,0.879,0.009,0,0
2016-05-13 23:00,1.111,0.017,0,0
2016-05-14 00:00,1.277,0.015,0,0
2016-05-14 01:00,1.260,0.010,0,0
2016-05-14 02:00,1.247,0.010,0,0
2016-05-14 03:00,1.091,0.009,0,0
2016-05-14 04:00,0.959,0.008,0,0
2016-05-14 05:00,0.849,0.012,0,0
2016-05-14 06:00,0.773,0.011,0,0
2016-05-14 07:00,0.702,0.009,0,0
2016-05-14 08:00,0.801,0.011,0,0
2016-05-14 09:00,0.897,0.014,0,0
2016-05-14 10:00,1.074,0.011,0,0
2016-05-14 11:00,1.147,0.013,0,0
2016-05-14 12:00,1.213,0.010,0,0
2016-05-14 13:00,1.173,0.009,0,0
2016-05-14 14:00,0.981,0.009,0,0
2016-05-14 15:00,0.774,0.010,0,0
2016-05-14 16:00,0.583,0.005,0,0
2016-05-14 17:00,0.310,0.015,0,0
2016-05-14 18:00,0.202,0.007,0,0
2016-05-14 19:00,0.191,0.022,0,0
2016-05-14 20:00,0.261,0.005,0,0
2016-05-14 21:00,0.492,0.014,0,0
2016-05-14 22:00,0.757,0.013,0,0
2016-05-14 23:00,0.987,0.017,0,0
2016-05-15 00:00,1.198,0.013,0,0
2016-05-15 01:00,1.362,0.014,0,0
2016-05-15 02:00,1.378,0.010,0,0
2016-05-15 03:00,1.280,0.009,0,0
2016-05-15 04:00,1.127,0.008,0,0
2016-05-15 05:00,0.967,0.008,0,0
2016-05-15 06:00,0.778,0.016,0,0
2016-05-15 07:00,0.645,0.005,0,0
2016-05-15 08:00,0.623,0.011,0,0
2016-05-15 09:00,0.706,0.006,0,0
2016-05-15 10:00,0.811,0.012,0,0
2016-05-15 11:00,0.981,0.010,0,0
2016-05-15 12:00,1.083,0.009,0,0
2016-05-15 13:00,1.206,0.018,0,0
2016-05-15 14:00,1.134,0.008,0,0
2016-05-15 15:00,1.016,0.008,0,0
2016-05-15 16:00,0.852,0.006,0,0
2016-05-15 17:00,0.594,0.005,0,0
2016-05-15 18:00,0.396,0.004,0,0
2016-05-15 19:00,0.276,0.004,0,0
2016-05-15 20:00,0.304,0.007,0,0
2016-05-15 21:00,0.378,0.005,0,0
2016-05-15 22:00,0.635,0.004,0,0
2016-05-15 23:00,0.893,0.006,0,0
2016-05-16 00:00,1.188,0.008,0,0
2016-05-16 01:00,1.372,0.010,0,0
2016-05-16 02:00,1.495,0.010,0,0
2016-05-16 03:00,1.415,0.007,0,0
2016-05-16 04:00,1.331,0.011,0,0
2016-05-16 05:00,1.048,0.011,0,0
2016-05-16 06:00,0.825,0.005,0,0
2016-05-16 07:00,0.605,0.005,0,0
2016-05-16 08:00,0.480,0.020,0,0
2016-05-16 09:00,0.454,0.006,0,0
2016-05-16 10:00,0.553,0.006,0,0
2016-05-16 11:00,0.767,0.009,0,0
2016-05-16 12:00,0.954,0.011,0,0
2016-05-16 13:00,1.116,0.008,0,0
2016-05-16 14:00,1.196,0.007,0,0
2016-05-16 15:00,1.132,0.012,0,0
2016-05-16 16:00,1.045,0.011,0,0
2016-05-16 17:00,0.797,0.010,0,0
2016-05-16 18:00,0.559,0.008,0,0
2016-05-16 19:00,0.430,0.008,0,0
2016-05-16 20:00,0.336,0.010,0,0
2016-05-16 21:00,0.372,0.011,0,0
2016-05-16 22:00,0.538,0.013,0,0
2016-05-16 23:00,0.777,0.016,0,0
2016-05-17 00:00,1.084,0.006,0,0
2016-05-17 01:00,1.361,0.007,0,0
2016-05-17 02:00,1.501,0.007,0,0
2016-05-17 03:00,1.545,0.009,0,0
2016-05-17 04:00,1.448,0.006,0,0
2016-05-17 05:00,1.253,0.019,0,0
2016-05-17 06:00,0.995,0.015,0,0
2016-05-17 07:00,0.666,0.013,0,0
2016-05-17 08:00,0.461,0.017,0,0
2016-05-17 09:00,0.325,0.009,0,0
2016-05-17 10:00,0.377,0.008,0,0
2016-05-17 11:00,0.518,0.007,0,0
2016-05-17 12:00,0.741,0.007,0,0
2016-05-17 13:00,1.000,0.007,0,0
2016-05-17 14:00,1.109,0.007,0,0
2016-05-17 15:00,1.199,0.011,0,0
2016-05-17 16:00,1.138,0.010,0,0
2016-05-17 17:00,0.970,0.011,0,0
2016-05-17 18:00,0.780,0.016,0,0
2016-05-17 19:00,0.582,0.008,0,0
2016-05-17 20:00,0.411,0.012,0,0
2016-05-17 21:00,0.413,0.005,0,0
2016-05-17 22:00,0.476,0.015,0,0
2016-05-17 23:00,0.712,0.006,0,0
2016-05-18 00:00,0.976,0.013,0,0
2016-05-18 01:00,1.238,0.010,0,0
2016-05-18 02:00,1.464,0.013,0,0
2016-05-18 03:00,1.564,0.007,0,0
2016-05-18 04:00,1.543,0.014,0,0
2016-05-18 05:00,1.341,0.005,0,0
2016-05-18 06:00,1.075,0.013,0,0
2016-05-18 07:00,0.737,0.032,0,0
2016-05-18 08:00,0.444,0.016,0,0
2016-05-18 09:00,0.259,0.015,0,0
2016-05-18 10:00,0.139,0.008,0,0
2016-05-18 11:00,0.297,0.014,0,0
2016-05-18 12:00,0.423,0.017,0,0
2016-05-18 13:00,0.702,0.022,0,0
2016-05-18 14:00,0.917,0.009,0,0
2016-05-18 15:00,1.056,0.008,0,0
2016-05-18 16:00,1.176,0.007,0,0
2016-05-18 17:00,1.092,,0,0
2016-05-18 18:00,0.911,0.016,0,0
2016-05-18 19:00,0.678,0.011,0,0
2016-05-18 20:00,0.565,0.008,0,0
2016-05-18 21:00,0.391,0.009,0,0
2016-05-18 22:00,0.510,0.009,0,0
2016-05-18 23:00,0.632,0.010,0,0
2016-05-19 00:00,0.894,0.005,0,0
2016-05-19 01:00,1.124,0.016,0,0
2016-05-19 02:00,1.440,0.017,0,0
2016-05-19 03:00,1.615,0.013,0,0
2016-05-19 04:00,1.658,0.011,0,0
2016-05-19 05:00,1.494,0.016,0,0
2016-05-19 06:00,1.232,0.015,0,0
2016-05-19 07:00,0.841,0.008,0,0
2016-05-19 08:00,0.514,0.007,0,0
2016-05-19 09:00,0.227,0.013,0,0
2016-05-19 10:00,0.107,0.017,0,0
2016-05-19 11:00,0.109,0.007,0,0
2016-05-19 12:00,0.255,0.015,0,0
2016-05-19 13:00,0.577,0.005,0,0
2016-05-19 14:00,0.819,0.011,0,0
2016-05-19 15:00,1.027,0.011,0,0
2016-05-19 16:00,1.164,0.008,0,0
2016-05-19 17:00,1.203,0.009,0,0
2016-05-19 18:00,1.056,0.011,0,0
2016-05-19 19:00,0.939,0.010,0,0
2016-05-19 20:00,0.688,0.013,0,0
2016-05-19 21:00,0.567,0.008,0,0
2016-05-19 22:00,0.511,0.009,0,0
2016-05-19 23:00,0.611,0.007,0,0
2016-05-20 00:00,0.840,0.005,0,0
2016-05-20 01:00,1.121,0.008,0,0
2016-05-20 02:00,1.397,0.007,0,0
2016-05-20 03:00,1.621,0.010,0,0
2016-05-20 04:00,1.682,0.011,0,0
2016-05-20 05:00,1.642,0.013,0,0
2016-05-20 06:00,1.361,0.011,0,0
2016-05-20 07:00,1.047,0.015,0,0
2016-05-20 08:00,0.699,0.009,0,0
2016-05-20 09:00,0.430,0.009,0,0
2016-05-20 10:00,0.124,0.010,0,0
2016-05-20 11:00,0.051,0.015,0,0
2016-05-20 12:00,0.169,0.018,0,0
2016-05-20 13:00,0.370,,0,0
2016-05-20 14:00,0.609,0.009,0,0
2016-05-20 15:00,0.881,0.019,0,0
2016-05-20 16:00,1.079,0.008,0,0
2016-05-20 17:00,1.181,0.031,0,0
2016-05-20 18:00,1.158,0.017,0,0
2016-05-20 19:00,1.046,0.014,0,0
2016-05-20 20:00,0.861,0.012,0,0
2016-05-20 21:00,0.729,0.015,0,0
2016-05-20 22:00,0.663,0.010,0,0
2016-05-20 23:00,0.635,0.005,0,0
2016-05-21 00:00,0.798,0.021,0,0
2016-05-21 01:00,1.042,0.008,0,0
2016-05-21 02:00,1.347,0.007,0,0
2016-05-21 03:00,1.619,0.011,0,0
2016-05-21 04:00,1.677,0.010,0,0
2016-05-21 05:00,1.686,0.016,0,0
2016-05-21 06:00,1.516,0.009,0,0
2016-05-21 07:00,1.202,0.026,0,0
2016-05-21 08:00,0.782,0.018,0,0
2016-05-21 09:00,0.431,0.013,0,0
2016-05-21 10:00,0.118,0.018,0,0
2016-05-21 11:00,-0.013,0.014,0,0
2016-05-21 12:00,-0.067,0.015,0,0
2016-05-21 13:00,0.179,0.007,0,0
2016-05-21 14:00,0.364,0.017,0,0
2016-05-21 15:00,0.678,0.006,0,0
2016-05-21 16:00,0.895,0.009,0,0
2016-05-21 17:00,1.097,0.007,0,0
2016-05-21 18:00,1.131,0.004,0,0
2016-05-21 19:00,1.064,0.009,0,0
2016-05-21 20:00,0.880,0.008,0,0
2016-05-21 21:00,0.743,0.008,0,0
2016-05-21 22:00,0.658,0.007,0,0
2016-05-21 23:00,0.597,0.010,0,0
2016-05-22 00:00,0.695,0.006,0,0
2016-05-22 01:00,0.867,0.012,0,0
2016-05-22 02:00,1.141,0.005,0,0
2016-05-22 03:00,1.448,0.009,0,0
2016-05-22 04:00,1.638,0.007,0,0
2016-05-22 05:00,1.691,0.014,0,0
2016-05-22 06:00,1.588,0.009,0,0
2016-05-22 07:00,1.338,0.008,0,0
2016-05-22 08:00,0.952,0.010,0,0
2016-05-22 09:00,0.569,0.017,0,0
2016-05-22 10:00,0.219,0.009,0,0
2016-05-22 11:00,-0.016,0.005,0,0
2016-05-22 12:00,-0.163,0.012,0,0
2016-05-22 13:00,-0.037,0.006,0,0
2016-05-22 14:00,0.159,0.015,0,0
2016-05-22 15:00,0.428,0.008,0,0
2016-05-22 16:00,0.758,0.014,0,0
2016-05-22 17:00,0.966,0.007,0,0
2016-05-22 18:00,1.110,0.005,0,0
2016-05-22 19:00,1.044,0.010,0,0
2016-05-22 20:00,0.949,0.012,0,0
2016-05-22 21:00,0.800,0.010,0,0
2016-05-22 22:00,0.657,0.006,0,0
2016-05-22 23:00,0.620,0.012,0,0
2016-05-23 00:00,0.630,0.006,0,0
2016-05-23 01:00,0.831,0.006,0,0
2016-05-23 02:00,1.099,0.006,0,0
2016-05-23 03:00,1.352,0.005,0,0
2016-05-23 04:00,1.601,0.006,0,0
2016-05-23 05:00,1.689,0.006,0,0
2016-05-23 06:00,1.672,0.008,0,0
2016-05-23 07:00,1.496,0.009,0,0
2016-05-23 08:00,1.165,0.012,0,0
2016-05-23 09:00,0.802,0.020,0,0
2016-05-23 10:00,0.421,0.011,0,0
2016-05-23 11:00,0.101,0.016,0,0
2016-05-23 12:00,-0.043,0.006,0,0
2016-05-23 13:00,-0.082,0.010,0,0
2016-05-23 14:00,0.078,0.007,0,0
2016-05-23 15:00,0.291,0.003,0,0
2016-05-23 16:00,0.578,0.003,0,0
2016-05-23 17:00,0.815,0.008,0,0
2016-05-23 18:00,1.030,0.016,0,0
2016-05-23 19:00,1.064,0.009,0,0
2016-05-23 20:00,1.088,0.012,0,0
2016-05-23 21:00,0.969,0.008,0,0
2016-05-23 22:00,0.859,0.016,0,0
2016-05-23 23:00,0.713,0.004,0,0
2016-05-24 00:00,0.737,0.004,0,0
2016-05-24 01:00,0.829,0.015,0,0
2016-05-24 02:00,0.989,0.003,0,0
2016-05-24 03:00,1.254,0.005,0,0
2016-05-24 04:00,1.483,0.007,0,0
2016-05-24 05:00,1.641,0.011,0,0
2016-05-24 06:00,1.708,0.012,0,0
2016-05-24 07:00,1.604,0.016,0,0
2016-05-24 08:00,1.351,0.017,0,0
2016-05-24 09:00,0.995,0.007,0,0
2016-05-24 10:00,0.629,0.007,0,0
2016-05-24 11:00,0.284,0.005,0,0
2016-05-24 12:00,0.048,0.006,0,0
2016-05-24 13:00,-0.086,0.010,0,0
2016-05-24 14:00,-0.045,0.004,0,0
2016-05-24 15:00,0.114,0.008,0,0
2016-05-24 16:00,0.394,0.009,0,0
2016-05-24 17:00,0.643,0.002,0,0
2016-05-24 18:00,0.918,0.013,0,0
2016-05-24 19:00,1.031,0.012,0,0
2016-05-24 20:00,1.047,0.011,0,0
2016-05-24 21:00,1.026,0.018,0,0
2016-05-24 22:00,0.931,0.007,0,0
2016-05-24 23:00,0.812,0.003,0,0
2016-05-25 00:00,0.773,0.009,0,0
2016-05-25 01:00,0.729,0.004,0,0
2016-05-25 02:00,0.909,0.005,0,0
2016-05-25 03:00,1.059,0.015,0,0
2016-05-25 04:00,1.312,0.015,0,0
2016-05-25 05:00,1.440,0.005,0,0
2016-05-25 06:00,1.600,0.006,0,0
2016-05-25 07:00,1.582,0.009,0,0
2016-05-25 08:00,1.454,0.007,0,0
2016-05-25 09:00,1.194,0.006,0,0
2016-05-25 10:00,0.809,0.015,0,0
2016-05-25 11:00,0.474,0.003,0,0
2016-05-25 12:00,0.161,0.006,0,0
2016-05-25 13:00,-0.009,0.007,0,0
2016-05-25 14:00,-0.077,,0,0
2016-05-25 15:00,-0.046,0.009,0,0
2016-05-25 16:00,0.175,0.008,0,0
2016-05-25 17:00,0.423,0.008,0,0
2016-05-25 18:00,0.706,0.008,0,0
2016-05-25 19:00,0.881,0.016,0,0
2016-05-25 20:00,0.993,0.009,0,0
2016-05-25 21:00,1.019,,0,0
2016-05-25 22:00,0.989,0.005,0,0
2016-05-25 23:00,0.898,0.007,0,0
2016-05-26 00:00,0.807,0.004,0,0
2016-05-26 01:00,0.786,0.016,0,0
2016-05-26 02:00,0.806,0.004,0,0
2016-05-26 03:00,0.938,0.006,0,0
2016-05-26 04:00,1.126,0.006,0,0
2016-05-26 05:00,1.304,0.017,0,0
2016-05-26 06:00,1.447,0.008,0,0
2016-05-26 07:00,1.540,,0,0
2016-05-26 08:00,1.456,0.006,0,0
2016-05-26 09:00,1.309,0.013,0,0
2016-05-26 10:00,1.081,0.004,0,0
2016-05-26 11:00,0.717,0.012,0,0
2016-05-26 12:00,0.384,0.013,0,0
2016-05-26 13:00,0.150,0.003,0,0
2016-05-26 14:00,-0.009,0.006,0,0
2016-05-26 15:00,-0.063,0.006,0,0
2016-05-26 16:00,-0.013,0.007,0,0
2016-05-26 17:00,0.257,0.008,0,0
2016-05-26 18:00,0.457,0.005,0,0
2016-05-26 19:00,0.717,0.006,0,0
2016-05-26 20:00,0.906,0.011,0,0
2016-05-26 21:00,1.065,0.005,0,0
2016-05-26 22:00,1.070,0.003,0,0
2016-05-26 23:00,1.025,0.017,0,0
2016-05-27 00:00,0.937,0.004,0,0
2016-05-27 01:00,0.856,0.007,0,0
2016-05-27 02:00,0.828,0.010,0,0
2016-05-27 03:00,0.905,0.023,0,0
2016-05-27 04:00,0.954,0.013,0,0
2016-05-27 05:00,1.091,0.010,0,0
2016-05-27 06:00,1.241,0.011,0,0
2016-05-27 07:00,1.409,0.009,0,0
2016-05-27 08:00,1.471,0.012,0,0
2016-05-27 09:00,1.413,0.007,0,0
2016-05-27 10:00,1.239,0.013,0,0
2016-05-27 11:00,0.966,0.009,0,0
2016-05-27 12:00,0.691,0.015,0,0
2016-05-27 13:00,0.427,0.011,0,0
2016-05-27 14:00,0.220,0.009,0,0
2016-05-27 15:00,0.066,0.018,0,0
2016-05-27 16:00,0.058,0.011,0,0
2016-05-27 17:00,0.178,0.007,0,0
2016-05-27 18:00,0.346,0.010,0,0
2016-05-27 19:00,0.577,0.015,0,0
2016-05-27 20:00,0.805,0.014,0,0
2016-05-27 21:00,1.025,0.005,0,0
2016-05-27 22:00,1.118,0.004,0,0
2016-05-27 23:00,1.170,0.016,0,0
2016-05-28 00:00,1.123,0.010,0,0
2016-05-28 01:00,1.055,0.009,0,0
2016-05-28 02:00,0.927,0.009,0,0
2016-05-28 03:00,0.905,0.013,0,0
2016-05-28 04:00,0.878,0.005,0,0
2016-05-28 05:00,0.951,0.016,0,0
2016-05-28 06:00,1.077,0.016,0,0
2016-05-28 07:00,1.212,,0,0
2016-05-28 08:00,1.311,0.005,0,0
2016-05-28 09:00,1.379,0.005,0,0
2016-05-28 10:00,1.315,0.007,0,0
2016-05-28 11:00,1.173,0.009,0,0
2016-05-28 12:00,0.955,0.004,0,0
2016-05-28 13:00,0.717,0.014,0,0
2016-05-28 14:00,0.450,0.006,0,0
2016-05-28 15:00,0.271,0.006,0,0
2016-05-28 16:00,0.144,0.007,0,0
2016-05-28 17:00,0.156,0.005,0,0
2016-05-28 18:00,0.221,0.005,0,0
2016-05-28 19:00,0.475,0.006,0,0
2016-05-28 20:00,0.682,0.007,0,0
2016-05-28 21:00,0.928,0.022,0,0
2016-05-28 22:00,1.141,0.007,0,0
2016-05-28 23:00,1.237,0.009,0,0
2016-05-29 00:00,1.264,0.015,0,0
2016-05-29 01:00,1.226,0.009,0,0
2016-05-29 02:00,1.066,0.009,0,0
2016-05-29 03:00,0.930,0.016,0,0
2016-05-29 04:00,0.856,0.013,0,0
2016-05-29 05:00,0.784,0.011,0,0
2016-05-29 06:00,0.809,0.006,0,0
2016-05-29 07:00,0.877,0.007,0,0
2016-05-29 08:00,1.026,0.008,0,0
2016-05-29 09:00,1.101,0.007,0,0
2016-05-29 10:00,1.211,0.007,0,0
2016-05-29 11:00,1.212,0.009,0,0
2016-05-29 12:00,1.124,0.012,0,0
2016-05-29 13:00,0.918,0.007,0,0
2016-05-29 14:00,0.693,0.009,0,0
2016-05-29 15:00,0.430,0.006,0,0
2016-05-29 16:00,0.239,0.006,0,0
2016-05-29 17:00,0.106,0.008,0,0
2016-05-29 18:00,0.126,0.009,0,0
2016-05-29 19:00,0.218,0.008,0,0
2016-05-29 20:00,0.437,0.015,0,0
2016-05-29 21:00,0.739,0.006,0,0
2016-05-29 22:00,1.012,0.009,0,0
2016-05-29 23:00,1.191,0.007,0,0
2016-05-30 00:00,1.314,0.011,0,0
2016-05-30 01:00,1.301,0.010,0,0
2016-05-30 02:00,1.231,0.012,0,0
2016-05-30 03:00,1.053,0.007,0,0
2016-05-30 04:00,0.860,0.009,0,0
2016-05-30 05:00,0.726,0.009,0,0
2016-05-30 06:00,0.585,0.013,0,0
2016-05-30 07:00,0.592,0.007,0,0
2016-05-30 08:00,0.760,0.010,0,0
2016-05-30 09:00,0.862,0.007,0,0
2016-05-30 10:00,1.019,0.007,0,0
2016-05-30 11:00,1.144,0.009,0,0
2016-05-30 12:00,1.149,0.008,0,0
2016-05-30 13:00,1.075,0.010,0,0
2016-05-30 14:00,0.950,0.009,0,0
2016-05-30 15:00,0.750,0.007,0,0
2016-05-30 16:00,0.498,0.006,0,0
2016-05-30 17:00,0.274,0.004,0,0
2016-05-30 18:00,0.190,0.009,0,0
2016-05-30 19:00,0.194,0.010,0,0
2016-05-30 20:00,0.315,0.008,0,0
2016-05-30 21:00,0.573,0.006,0,0
2016-05-30 22:00,0.861,0.006,0,0
2016-05-30 23:00,1.163,0.012,0,0
2016-05-31 00:00,1.432,0.009,0,0
2016-05-31 01:00,1.516,0.013,0,0
2016-05-31 02:00,1.464,0.012,0,0
2016-05-31 03:00,1.306,0.008,0,0
2016-05-31 04:00,1.083,0.013,0,0
2016-05-31 05:00,0.807,0.023,0,0
2016-05-31 06:00,0.584,0.007,0,0
2016-05-31 07:00,0.478,0.007,0,0
2016-05-31 08:00,0.423,0.009,0,0
2016-05-31 09:00,0.537,0.019,0,0
2016-05-31 10:00,0.719,0.006,0,0
2016-05-31 11:00,0.910,0.009,0,0
2016-05-31 12:00,1.094,0.029,0,0
2016-05-31 13:00,1.208,0.012,0,0
2016-05-31 14:00,1.169,0.012,0,0
2016-05-31 15:00,1.001,0.015,0,0
2016-05-31 16:00,0.809,0.028,0,0
2016-05-31 17:00,0.526,0.015,0,0
2016-05-31 18:00,0.335,0.008,0,0
2016-05-31 19:00,0.216,0.019,0,0
2016-05-31 20:00,0.252,0.007,0,0
2016-05-31 21:00,0.451,0.012,0,0
2016-05-31 22:00,0.705,0.015,0,0
2016-05-31 23:00,1.084,0.009,0,0
2016-06-01 00:00,1.333,0.014,0,0
2016-06-01 01:00,1.571,0.018,0,0
2016-06-01 02:00,1.663,0.015,0,0
2016-06-01 03:00,1.562,0.013,0,0
2016-06-01 04:00,1.293,0.015,0,0
2016-06-01 05:00,0.975,0.007,0,0
2016-06-01 06:00,0.645,0.011,0,0
2016-06-01 07:00,0.336,0.008,0,0
2016-06-01 08:00,0.199,0.020,0,0
2016-06-01 09:00,0.168,0.012,0,0
2016-06-01 10:00,0.340,0.025,0,0
2016-06-01 11:00,0.553,0.010,0,0
2016-06-01 12:00,0.865,0.011,0,0
2016-06-01 13:00,1.101,0.014,0,0
2016-06-01 14:00,1.210,0.024,0,0
2016-06-01 15:00,1.181,0.015,0,0
2016-06-01 16:00,1.077,0.014,0,0
2016-06-01 17:00,0.810,0.017,0,0
2016-06-01 18:00,0.548,0.015,0,0
2016-06-01 19:00,0.348,0.012,0,0
2016-06-01 20:00,0.305,0.016,0,0
2016-06-01 21:00,0.335,0.012,0,0
2016-06-01 22:00,0.555,0.010,0,0
2016-06-01 23:00,0.920,0.028,0,0
2016-06-02 00:00,1.251,0.012,0,0
2016-06-02 01:00,1.559,0.020,0,0
2016-06-02 02:00,1.769,0.013,0,0
2016-06-02 03:00,1.790,0.023,0,0
2016-06-02 04:00,1.577,0.015,0,0
2016-06-02 05:00,1.212,0.013,0,0
2016-06-02 06:00,0.839,0.023,0,0
2016-06-02 07:00,0.438,0.012,0,0
2016-06-02 08:00,0.176,0.013,0,0
2016-06-02 09:00,-0.037,0.008,0,0
2016-06-02 10:00,-0.008,0.007,0,0
2016-06-02 11:00,0.198,0.011,0,0
2016-06-02 12:00,0.474,0.017,0,0
2016-06-02 13:00,0.770,0.009,0,0
2016-06-02 14:00,1.098,0.020,0,0
2016-06-02 15:00,1.191,0.011,0,0
2016-06-02 16:00,1.225,0.026,0,0
2016-06-02 17:00,0.995,0.015,0,0
2016-06-02 18:00,0.796,0.014,0,0
2016-06-02 19:00,0.540,0.012,0,0
2016-06-02 20:00,0.396,0.016,0,0
2016-06-02 21:00,0.344,0.015,0,0
2016-06-02 22:00,0.449,0.021,0,0
2016-06-02 23:00,0.724,0.010,0,0
2016-06-03 00:00,1.108,0.010,0,0
2016-06-03 01:00,1.455,0.014,0,0
2016-06-03 02:00,1.808,0.019,0,0
2016-06-03 03:00,1.916,0.015,0,0
2016-06-03 04:00,1.879,0.015,0,0
2016-06-03 05:00,1.618,0.013,0,0
2016-06-03 06:00,1.184,0.013,0,0
2016-06-03 07:00,0.718,0.011,0,0
2016-06-03 08:00,0.281,0.010,0,0
2016-06-03 09:00,-0.041,0.009,0,0
2016-06-03 10:00,-0.237,0.008,0,0
2016-06-03 11:00,-0.171,0.008,0,0
2016-06-03 12:00,0.107,0.011,0,0
2016-06-03 13:00,0.405,0.009,0,0
2016-06-03 14:00,0.817,0.010,0,0
2016-06-03 15:00,1.064,0.008,0,0
2016-06-03 16:00,1.259,0.013,0,0
2016-06-03 17:00,1.204,0.014,0,0
2016-06-03 18:00,1.060,0.017,0,0
2016-06-03 19:00,0.807,0.008,0,0
2016-06-03 20:00,0.620,0.009,0,0
2016-06-03 21:00,0.484,0.013,0,0
2016-06-03 22:00,0.430,0.011,0,0
2016-06-03 23:00,0.596,0.005,0,0
2016-06-04 00:00,0.938,0.008,0,0
2016-06-04 01:00,1.312,0.009,0,0
2016-06-04 02:00,1.684,0.012,0,0
2016-06-04 03:00,1.952,0.014,0,0
2016-06-04 04:00,2.042,0.012,0,0
2016-06-04 05:00,1.894,0.017,0,0
2016-06-04 06:00,1.584,0.008,0,0
2016-06-04 07:00,1.064,0.023,0,0
2016-06-04 08:00,0.587,0.006,0,0
2016-06-04 09:00,0.118,0.011,0,0
2016-06-04 10:00,-0.208,0.011,0,0
2016-06-04 11:00,-0.320,0.015,0,0
2016-06-04 12:00,-0.199,0.015,0,0
2016-06-04 13:00,0.073,0.014,0,0
2016-06-04 14:00,0.466,0.005,0,0
2016-06-04 15:00,0.818,0.007,0,0
2016-06-04 16:00,1.142,0.017,0,0
2016-06-04 17:00,1.276,0.009,0,0
2016-06-04 18:00,1.230,0.013,0,0
2016-06-04 19:00,1.036,0.000,0,0
2016-06-04 20:00,0.816,0.021,0,0
2016-06-04 21:00,0.599,0.029,0,0
2016-06-04 22:00,0.450,0.009,0,0
2016-06-04 23:00,0.507,0.016,0,0
2016-06-05 00:00,0.710,0.006,0,0
2016-06-05 01:00,1.075,0.007,0,0
2016-06-05 02:00,1.441,0.010,0,0
2016-06-05 03:00,1.800,0.009,0,0
2016-06-05 04:00,2.025,0.009,0,0
2016-06-05 05:00,2.064,0.013,0,0
2016-06-05 06:00,1.867,0.010,0,0
2016-06-05 07:00,1.506,0.007,0,0
2016-06-05 08:00,0.961,0.005,0,0
2016-06-05 09:00,0.396,0.011,0,0
2016-06-05 10:00,-0.009,0.017,0,0
2016-06-05 11:00,-0.324,0.004,0,0
2016-06-05 12:00,-0.382,0.005,0,0
2016-06-05 13:00,-0.276,0.005,0,0
2016-06-05 14:00,0.057,0.012,0,0
2016-06-05 15:00,0.451,0.006,0,0
2016-06-05 16:00,0.869,0.011,0,0
2016-06-05 17:00,1.123,0.006,0,0
2016-06-05 18:00,1.230,0.007,0,0
2016-06-05 19:00,1.216,0.012,0,0
2016-06-05 20:00,1.035,0.014,0,0
2016-06-05 21:00,0.828,0.020,0,0
2016-06-05 22:00,0.626,0.005,0,0
2016-06-05 23:00,0.564,0.006,0,0
2016-06-06 00:00,0.614,0.010,0,0
2016-06-06 01:00,0.839,0.011,0,0
2016-06-06 02:00,1.225,0.016,0,0
2016-06-06 03:00,1.611,0.018,0,0
2016-06-06 04:00,1.913,0.009,0,0
2016-06-06 05:00,2.016,0.016,0,0
2016-06-06 06:00,2.035,0.007,0,0
2016-06-06 07:00,1.781,0.013,0,0
2016-06-06 08:00,1.295,0.009,0,0
2016-06-06 09:00,0.791,0.007,0,0
2016-06-06 10:00,0.297,0.005,0,0
2016-06-06 11:00,-0.081,0.003,0,0
2016-06-06 12:00,-0.293,0.018,0,0
2016-06-06 13:00,-0.341,0.010,0,0
2016-06-06 14:00,-0.172,0.006,0,0
2016-06-06 15:00,0.158,0.011,0,0
2016-06-06 16:00,0.562,0.007,0,0
2016-06-06 17:00,0.937,0.024,0,0
2016-06-06 18:00,1.204,0.021,0,0
2016-06-06 19:00,1.326,0.005,0,0
2016-06-06 20:00,1.299,0.009,0,0
2016-06-06 21:00,1.097,0.018,0,0
2016-06-06 22:00,0.899,0.014,0,0
2016-06-06 23:00,0.738,0.008,0,0
2016-06-07 00:00,0.678,0.009,0,0
2016-06-07 01:00,0.743,0.017,0,0
2016-06-07 02:00,0.980,0.010,0,0
2016-06-07 03:00,1.276,0.004,0,0
2016-06-07 04:00,1.656,0.016,0,0
2016-06-07 05:00,1.844,0.007,0,0
2016-06-07 06:00,1.977,0.017,0,0
2016-06-07 07:00,1.899,0.018,0,0
2016-06-07 08:00,1.655,0.007,0,0
2016-06-07 09:00,1.192,0.023,0,0
2016-06-07 10:00,0.721,0.029,0,0
2016-06-07 11:00,0.218,0.018,0,0
2016-06-07 12:00,-0.109,0.019,0,0
2016-06-07 13:00,-0.341,0.012,0,0
2016-06-07 14:00,-0.278,0.009,0,0
2016-06-07 15:00,-0.122,0.019,0,0
2016-06-07 16:00,0.273,0.004,0,0
2016-06-07 17:00,0.626,0.003,0,0
2016-06-07 18:00,1.008,0.011,0,0
2016-06-07 19:00,1.162,0.013,0,0
2016-06-07 20:00,1.255,0.007,0,0
2016-06-07 21:00,1.197,0.004,0,0
2016-06-07 22:00,1.095,0.008,0,0
2016-06-07 23:00,0.892,0.009,0,0
2016-06-08 00:00,0.794,0.008,0,0
2016-06-08 01:00,0.731,0.007,0,0
2016-06-08 02:00,0.787,0.003,0,0
2016-06-08 03:00,1.004,0.017,0,0
2016-06-08 04:00,1.255,0.006,0,0
2016-06-08 05:00,1.576,0.018,0,0
2016-06-08 06:00,1.743,0.025,0,0
2016-06-08 07:00,1.819,0.006,0,0
2016-06-08 08:00,1.750,0.021,0,0
2016-06-08 09:00,1.427,0.016,0,0
2016-06-08 10:00,1.059,0.011,0,0
2016-06-08 11:00,0.562,0.005,0,0
2016-06-08 12:00,0.178,0.016,0,0
2016-06-08 13:00,-0.044,0.009,0,0
2016-06-08 14:00,-0.215,0.023,0,0
2016-06-08 15:00,-0.164,0.004,0,0
2016-06-08 16:00,0.031,0.004,0,0
2016-06-08 17:00,0.324,0.017,0,0
2016-06-08 18:00,0.703,0.023,0,0
2016-06-08 19:00,0.971,0.028,0,0
2016-06-08 20:00,1.103,0.027,0,0
2016-06-08 21:00,1.221,0.018,0,0
2016-06-08 22:00,1.177,0.011,0,0
2016-06-08 23:00,1.024,0.013,0,0
2016-06-09 00:00,0.941,0.014,0,0
2016-06-09 01:00,0.785,0.005,0,0
2016-06-09 02:00,0.794,0.012,0,0
2016-06-09 03:00,0.881,0.022,0,0
2016-06-09 04:00,1.077,0.015,0,0
2016-06-09 05:00,1.260,0.003,0,0
2016-06-09 06:00,1.459,0.031,0,0
2016-06-09 07:00,1.606,0.010,0,0
2016-06-09 08:00,1.658,0.009,0,0
2016-06-09 09:00,1.540,0.009,0,0
2016-06-09 10:00,1.307,0.007,0,0
2016-06-09 11:00,0.914,0.012,0,0
2016-06-09 12:00,0.586,0.009,0,0
2016-06-09 13:00,0.244,0.008,0,0
2016-06-09 14:00,-0.007,0.013,0,0
2016-06-09 15:00,-0.090,0.003,0,0
2016-06-09 16:00,-0.049,0.016,0,0
2016-06-09 17:00,0.160,0.004,0,0
2016-06-09 18:00,0.431,0.005,0,0
2016-06-09 19:00,0.720,0.013,0,0
2016-06-09 20:00,1.041,0.003,0,0
2016-06-09 21:00,1.201,0.006,0,0
2016-06-09 22:00,1.250,0.005,0,0
2016-06-09 23:00,1.222,0.008,0,0
2016-06-10 00:00,1.087,0.005,0,0
2016-06-10 01:00,0.978,0.003,0,0
2016-06-10 02:00,0.859,0.014,0,0
2016-06-10 03:00,0.822,0.007,0,0
2016-06-10 04:00,0.825,0.007,0,0
2016-06-10 05:00,1.014,0.006,0,0
2016-06-10 06:00,1.142,0.016,0,0
2016-06-10 07:00,1.348,0.012,0,0
2016-06-10 08:00,1.496,0.009,0,0
2016-06-10 09:00,1.442,0.009,0,0
2016-06-10 10:00,1.216,0.019,0,0
2016-06-10 11:00,1.065,0.010,0,0
2016-06-10 12:00,0.831,0.002,0,0
2016-06-10 13:00,0.564,0.008,0,0
2016-06-10 14:00,0.315,0.036,0,0
2016-06-10 15:00,0.083,0.032,0,0
2016-06-10 16:00,0.045,0.038,0,0
2016-06-10 17:00,0.108,0.014,0,0
2016-06-10 18:00,0.269,0.013,0,0
2016-06-10 19:00,0.601,0.007,0,0
2016-06-10 20:00,0.858,0.038,0,0
2016-06-10 21:00,1.092,0.018,0,0
2016-06-10 22:00,1.232,0.013,0,0
2016-06-10 23:00,1.330,0.005,0,0
2016-06-11 00:00,1.235,0.006,0,0
2016-06-11 01:00,1.173,0.006,0,0
2016-06-11 02:00,0.982,0.022,0,0
2016-06-11 03:00,0.921,0.010,0,0
2016-06-11 04:00,0.833,0.013,0,0
2016-06-11 05:00,0.854,0.015,0,0
2016-06-11 06:00,0.916,0.020,0,0
2016-06-11 07:00,1.005,0.006,0,0
2016-06-11 08:00,1.128,0.016,0,0
2016-06-11 09:00,1.237,0.018,0,0
2016-06-11 10:00,1.265,0.008,0,0
2016-06-11 11:00,1.220,0.009,0,0
2016-06-11 12:00,1.036,0.011,0,0
2016-06-11 13:00,0.837,0.013,0,0
2016-06-11 14:00,0.583,0.005,0,0
2016-06-11 15:00,0.408,0.009,0,0
2016-06-11 16:00,0.252,0.005,0,0
2016-06-11 17:00,0.221,0.004,0,0
2016-06-11 18:00,0.282,0.012,0,0
2016-06-11 19:00,0.462,0.005,0,0
2016-06-11 20:00,0.669,0.007,0,0
2016-06-11 21:00,0.931,0.011,0,0
2016-06-11 22:00,1.137,0.007,0,0
2016-06-11 23:00,1.325,0.010,0,0
2016-06-12 00:00,1.327,0.014,0,0
2016-06-12 01:00,1.315,0.009,0,0
2016-06-12 02:00,1.168,0.007,0,0
2016-06-12 03:00,1.056,0.006,0,0
2016-06-12 04:00,0.841,0.006,0,0
2016-06-12 05:00,0.774,0.006,0,0
2016-06-12 06:00,0.760,0.012,0,0
2016-06-12 07:00,0.800,0.014,0,0
2016-06-12 08:00,0.843,0.006,0,0
2016-06-12 09:00,1.006,0.010,0,0
2016-06-12 10:00,1.066,0.008,0,0
2016-06-12 11:00,1.099,0.012,0,0
2016-06-12 12:00,1.047,0.011,0,0
2016-06-12 13:00,0.973,0.008,0,0
2016-06-12 14:00,0.795,0.009,0,0
2016-06-12 15:00,0.562,0.019,0,0
2016-06-12 16:00,0.445,0.005,0,0
2016-06-12 17:00,0.361,0.013,0,0
2016-06-12 18:00,0.293,0.003,0,0
2016-06-12 19:00,0.377,0.006,0,0
2016-06-12 20:00,0.547,0.006,0,0
2016-06-12 21:00,0.802,0.012,0,0
2016-06-12 22:00,1.034,0.009,0,0
2016-06-12 23:00,1.260,0.008,0,0
2016-06-13 00:00,1.353,0.011,0,0
2016-06-13 01:00,1.394,0.011,0,0
2016-06-13 02:00,1.306,0.008,0,0
2016-06-13 03:00,1.185,0.009,0,0
2016-06-13 04:00,0.983,0.019,0,0
2016-06-13 05:00,0.798,0.006,0,0
2016-06-13 06:00,0.631,0.014,0,0
2016-06-13 07:00,0.640,0.006,0,0
2016-06-13 08:00,0.568,0.019,0,0
2016-06-13 09:00,0.718,0.009,0,0
2016-06-13 10:00,0.813,0.008,0,0
2016-06-13 11:00,0.965,0.006,0,0
2016-06-13 12:00,1.012,0.016,0,0
2016-06-13 13:00,1.023,0.014,0,0
2016-06-13 14:00,0.925,0.004,0,0
2016-06-13 15:00,0.810,0.010,0,0
2016-06-13 16:00,0.643,0.009,0,0
2016-06-13 17:00,0.528,0.013,0,0
2016-06-13 18:00,0.408,0.008,0,0
2016-06-13 19:00,0.366,0.008,0,0
2016-06-13 20:00,0.483,0.006,0,0
2016-06-13 21:00,0.659,0.008,0,0
2016-06-13 22:00,0.914,0.006,0,0
2016-06-13 23:00,1.103,0.012,0,0
2016-06-14 00:00,1.342,0.010,0,0
2016-06-14 01:00,1.382,0.010,0,0
2016-06-14 02:00,1.395,0.020,0,0
2016-06-14 03:00,1.287,0.013,0,0
2016-06-14 04:00,1.122,0.010,0,0
2016-06-14 05:00,0.865,0.000,0,0
2016-06-14 06:00,0.672,0.014,0,0
2016-06-14 07:00,0.481,0.008,0,0
2016-06-14 08:00,0.455,0.011,0,0
2016-06-14 09:00,0.458,0.006,0,0
2016-06-14 10:00,0.620,0.008,0,0
2016-06-14 11:00,0.777,0.009,0,0
2016-06-14 12:00,0.917,0.006,0,0
2016-06-14 13:00,1.009,0.008,0,0
2016-06-14 14:00,1.044,0.007,0,0
2016-06-14 15:00,0.978,0.011,0,0
2016-06-14 16:00,0.827,0.027,0,0
2016-06-14 17:00,0.706,0.013,0,0
2016-06-14 18:00,0.545,0.009,0,0
2016-06-14 19:00,0.474,0.007,0,0
2016-06-14 20:00,0.485,0.010,0,0
2016-06-14 21:00,0.618,0.000,0,0
2016-06-14 22:00,0.827,0.007,0,0
2016-06-14 23:00,1.084,0.012,0,0
2016-06-15 00:00,1.338,0.013,0,0
2016-06-15 01:00,1.474,0.008,0,0
2016-06-15 02:00,1.592,0.021,0,0
2016-06-15 03:00,1.538,0.012,0,0
2016-06-15 04:00,1.344,0.020,0,0
2016-06-15 05:00,1.046,0.016,0,0
2016-06-15 06:00,0.792,0.006,0,0
2016-06-15 07:00,0.565,0.008,0,0
2016-06-15 08:00,0.450,0.008,0,0
2016-06-15 09:00,0.349,0.008,0,0
2016-06-15 10:00,0.413,0.007,0,0
2016-06-15 11:00,0.550,0.013,0,0
2016-06-15 12:00,0.761,0.028,0,0
2016-06-15 13:00,0.957,0.010,0,0
2016-06-15 14:00,1.038,0.008,0,0
2016-06-15 15:00,1.074,0.010,0,0
2016-06-15 16:00,1.023,0.014,0,0
2016-06-15 17:00,0.815,0.016,0,0
2016-06-15 18:00,0.719,0.014,0,0
2016-06-15 19:00,0.558,0.017,0,0
2016-06-15 20:00,0.598,0.007,0,0
2016-06-15 21:00,0.586,0.009,0,0
2016-06-15 22:00,0.698,0.008,0,0
2016-06-15 23:00,1.008,0.012,0,0
2016-06-16 00:00,1.252,0.008,0,0
2016-06-16 01:00,1.485,0.013,0,0
2016-06-16 02:00,1.577,0.013,0,0
2016-06-16 03:00,1.600,0.015,0,0
2016-06-16 04:00,1.460,0.009,0,0
2016-06-16 05:00,1.197,0.012,0,0
2016-06-16 06:00,0.875,0.017,0,0
2016-06-16 07:00,0.593,0.008,0,0
2016-06-16 08:00,0.351,0.008,0,0
2016-06-16 09:00,0.193,0.024,0,0
2016-06-16 10:00,0.214,0.009,0,0
2016-06-16 11:00,0.321,0.005,0,0
2016-06-16 12:00,0.578,0.008,0,0
2016-06-16 13:00,0.733,0.011,0,0
2016-06-16 14:00,0.931,0.009,0,0
2016-06-16 15:00,1.051,0.008,0,0
2016-06-16 16:00,1.061,0.009,0,0
2016-06-16 17:00,0.987,0.023,0,0
2016-06-16 18:00,0.804,0.028,0,0
2016-06-16 19:00,0.653,0.021,0,0
2016-06-16 20:00,0.566,0.008,0,0
2016-06-16 21:00,0.618,0.007,0,0
2016-06-16 22:00,0.686,0.012,0,0
2016-06-16 23:00,0.864,0.010,0,0
2016-06-17 00:00,1.127,0.011,0,0
2016-06-17 01:00,1.406,0.018,0,0
2016-06-17 02:00,1.626,0.024,0,0
2016-06-17 03:00,1.713,0.019,0,0
2016-06-17 04:00,1.583,0.009,0,0
2016-06-17 05:00,1.363,0.015,0,0
2016-06-17 06:00,1.044,0.020,0,0
2016-06-17 07:00,0.746,0.007,0,0
2016-06-17 08:00,0.362,0.009,0,0
2016-06-17 09:00,0.153,0.006,0,0
2016-06-17 10:00,0.066,0.010,0,0
2016-06-17 11:00,0.166,0.009,0,0
2016-06-17 12:00,0.299,0.019,0,0
2016-06-17 13:00,0.605,0.013,0,0
2016-06-17 14:00,0.802,0.006,0,0
2016-06-17 15:00,0.991,0.009,0,0
2016-06-17 16:00,1.092,0.017,0,0
2016-06-17 17:00,1.027,0.017,0,0
2016-06-17 18:00,0.973,0.013,0,0
2016-06-17 19:00,0.849,0.015,0,0
2016-06-17 20:00,0.714,0.005,0,0
2016-06-17 21:00,0.675,0.009,0,0
2016-06-17 22:00,0.696,0.013,0,0
2016-06-17 23:00,0.812,0.015,0,0
2016-06-18 00:00,1.055,0.011,0,0
2016-06-18 01:00,1.339,0.033,0,0
2016-06-18 02:00,1.547,0.014,0,0
2016-06-18 03:00,1.770,0.019,0,0
2016-06-18 04:00,1.674,0.027,0,0
2016-06-18 05:00,1.579,0.015,0,0
2016-06-18 06:00,1.229,0.008,0,0
2016-06-18 07:00,0.906,0.026,0,0
2016-06-18 08:00,0.490,0.013,0,0
2016-06-18 09:00,0.185,0.011,0,0
2016-06-18 10:00,-0.038,0.005,0,0
2016-06-18 11:00,-0.011,0.011,0,0
2016-06-18 12:00,0.097,0.008,0,0
2016-06-18 13:00,0.371,0.024,0,0
2016-06-18 14:00,0.641,0.007,0,0
2016-06-18 15:00,0.902,0.009,0,0
2016-06-18 16:00,0.981,0.019,0,0
2016-06-18 17:00,1.111,0.011,0,0
2016-06-18 18:00,0.993,0.008,0,0
2016-06-18 19:00,0.942,0.006,0,0
2016-06-18 20:00,0.735,0.008,0,0
2016-06-18 21:00,0.705,0.004,0,0
2016-06-18 22:00,0.598,0.007,0,0
2016-06-18 23:00,0.740,0.018,0,0
2016-06-19 00:00,0.947,0.010,0,0
2016-06-19 01:00,1.222,0.000,1,0
2016-06-19 02:00,1.461,0.011,0,0
2016-06-19 03:00,1.713,0.015,0,0
2016-06-19 04:00,1.780,0.010,0,0
2016-06-19 05:00,1.694,0.011,0,0
2016-06-19 06:00,1.438,0.008,0,0
2016-06-19 07:00,1.099,0.006,0,0
2016-06-19 08:00,0.699,0.005,0,0
2016-06-19 09:00,0.316,0.005,0,0
2016-06-19 10:00,0.048,0.017,0,0
2016-06-19 11:00,-0.083,0.011,0,0
2016-06-19 12:00,-0.042,0.007,0,0
2016-06-19 13:00,0.156,0.008,0,0
2016-06-19 14:00,0.476,0.007,0,0
2016-06-19 15:00,0.721,0.009,0,0
2016-06-19 16:00,0.953,0.005,0,0
2016-06-19 17:00,1.120,0.005,0,0
2016-06-19 18:00,1.108,0.005,0,0
2016-06-19 19:00,0.999,0.009,0,0
2016-06-19 20:00,0.881,0.008,0,0
2016-06-19 21:00,0.770,0.007,0,0
2016-06-19 22:00,0.697,0.007,0,0
2016-06-19 23:00,0.737,0.007,0,0
2016-06-20 00:00,0.885,0.015,0,0
2016-06-20 01:00,1.141,0.005,0,0
2016-06-20 02:00,1.395,0.007,0,0
2016-06-20 03:00,1.696,0.015,0,0
2016-06-20 04:00,1.817,0.007,0,0
2016-06-20 05:00,1.853,0.016,0,0
2016-06-20 06:00,1.635,0.011,0,0
2016-06-20 07:00,1.330,0.014,0,0
2016-06-20 08:00,0.932,0.007,0,0
2016-06-20 09:00,0.487,0.007,0,0
2016-06-20 10:00,0.180,0.005,0,0
2016-06-20 11:00,-0.083,0.012,0,0
2016-06-20 12:00,-0.087,0.013,0,0
2016-06-20 13:00,0.058,0.004,0,0
2016-06-20 14:00,0.270,0.029,0,0
2016-06-20 15:00,0.619,0.014,0,0
2016-06-20 16:00,0.921,0.011,0,0
2016-06-20 17:00,1.060,0.006,0,0
2016-06-20 18:00,1.169,0.010,0,0
2016-06-20 19:00,1.114,0.023,0,0
2016-06-20 20:00,0.991,0.022,0,0
2016-06-20 21:00,0.870,0.007,0,0
2016-06-20 22:00,0.824,0.017,0,0
2016-06-20 23:00,0.777,0.008,0,0
2016-06-21 00:00,0.855,0.013,0,0
2016-06-21 01:00,1.014,0.014,0,0
2016-06-21 02:00,1.307,0.007,0,0
2016-06-21 03:00,1.599,0.012,0,0
2016-06-21 04:00,1.802,0.009,0,0
2016-06-21 05:00,1.833,0.009,0,0
2016-06-21 06:00,1.782,0.013,0,0
2016-06-21 07:00,1.498,0.009,0,0
2016-06-21 08:00,1.177,0.008,0,0
2016-06-21 09:00,0.715,0.009,0,0
2016-06-21 10:00,0.342,0.010,0,0
2016-06-21 11:00,0.029,0.010,0,0
2016-06-21 12:00,-0.143,0.004,0,0
2016-06-21 13:00,-0.111,0.011,0,0
2016-06-21 14:00,0.092,0.007,0,0
2016-06-21 15:00,0.402,0.006,0,0
2016-06-21 16:00,0.698,0.016,0,0
2016-06-21 17:00,0.889,0.014,0,0
2016-06-21 18:00,1.139,0.009,0,0
2016-06-21 19:00,1.145,0.016,0,0
2016-06-21 20:00,1.115,0.010,0,0
2016-06-21 21:00,0.977,0.017,0,0
2016-06-21 22:00,0.825,0.014,0,0
2016-06-21 23:00,0.764,0.011,0,0
2016-06-22 00:00,0.762,0.006,0,0
2016-06-22 01:00,0.886,0.006,0,0
2016-06-22 02:00,1.112,0.014,0,0
2016-06-22 03:00,1.418,0.013,0,0
2016-06-22 04:00,1.637,0.007,0,0
2016-06-22 05:00,1.811,0.008,0,0
2016-06-22 06:00,1.783,0.009,0,0
2016-06-22 07:00,1.676,0.015,0,0
2016-06-22 08:00,1.376,0.015,0,0
2016-06-22 09:00,0.986,0.012,0,0
2016-06-22 10:00,0.591,0.009,0,0
2016-06-22 11:00,0.229,0.011,0,0
2016-06-22 12:00,-0.051,0.011,0,0
2016-06-22 13:00,-0.114,0.013,0,0
2016-06-22 14:00,-0.081,0.010,0,0
2016-06-22 15:00,0.160,0.016,0,0
2016-06-22 16:00,0.450,0.013,0,0
2016-06-22 17:00,0.814,0.010,0,0
2016-06-22 18:00,1.027,0.008,0,0
2016-06-22 19:00,1.143,0.010,0,0
2016-06-22 20:00,1.183,0.014,0,0
2016-06-22 21:00,1.043,0.013,0,0
2016-06-22 22:00,0.943,0.011,0,0
2016-06-22 23:00,0.774,0.012,0,0
2016-06-23 00:00,0.722,0.011,0,0
2016-06-23 01:00,0.852,0.017,0,0
2016-06-23 02:00,1.009,0.017,0,0
2016-06-23 03:00,1.201,0.012,0,0
2016-06-23 04:00,1.456,0.018,0,0
2016-06-23 05:00,1.689,0.020,0,0
2016-06-23 06:00,1.749,0.016,0,0
2016-06-23 07:00,1.765,0.016,0,0
2016-06-23 08:00,1.521,0.012,0,0
2016-06-23 09:00,1.224,0.015,0,0
2016-06-23 10:00,0.791,0.017,0,0
2016-06-23 11:00,0.463,0.015,0,0
2016-06-23 12:00,0.125,0.022,0,0
2016-06-23 13:00,-0.068,0.008,0,0
2016-06-23 14:00,-0.123,0.013,0,0
2016-06-23 15:00,0.012,0.016,0,0
2016-06-23 16:00,0.289,0.032,0,0
2016-06-23 17:00,0.583,0.018,0,0
2016-06-23 18:00,0.895,0.011,0,0
2016-06-23 19:00,1.087,0.008,0,0
2016-06-23 20:00,1.218,0.013,0,0
2016-06-23 21:00,1.241,0.013,0,0
2016-06-23 22:00,1.060,0.028,0,0
2016-06-23 23:00,0.977,0.016,0,0
2016-06-24 00:00,0.789,0.023,0,0
2016-06-24 01:00,0.760,0.018,0,0
2016-06-24 02:00,0.824,0.012,0,0
2016-06-24 03:00,1.062,0.013,0,0
2016-06-24 04:00,1.209,0.013,0,0
2016-06-24 05:00,1.475,0.027,0,0
2016-06-24 06:00,1.625,0.013,0,0
2016-06-24 07:00,1.644,0.029,0,0
2016-06-24 08:00,1.564,0.020,0,0
2016-06-24 09:00,1.438,0.021,0,0
2016-06-24 10:00,1.108,0.016,0,0
2016-06-24 11:00,0.727,0.023,0,0
2016-06-24 12:00,0.322,0.013,0,0
2016-06-24 13:00,0.098,0.009,0,0
2016-06-24 14:00,-0.053,0.010,0,0
2016-06-24 15:00,0.046,0.016,0,0
2016-06-24 16:00,0.245,0.014,0,0
2016-06-24 17:00,0.434,0.000,0,0
2016-06-24 18:00,0.739,0.017,0,0
2016-06-24 19:00,0.989,0.013,0,0
2016-06-24 20:00,1.211,0.015,0,0
2016-06-24 21:00,1.321,0.021,0,0
2016-06-24 22:00,1.238,0.016,0,0
2016-06-24 23:00,1.143,0.020,0,0
2016-06-25 00:00,0.974,0.013,0,0
2016-06-25 01:00,0.908,0.012,0,0
2016-06-25 02:00,0.879,0.041,0,0
2016-06-25 03:00,0.906,0.014,0,0
2016-06-25 04:00,1.021,0.014,0,0
2016-06-25 05:00,1.238,0.021,0,0
2016-06-25 06:00,1.398,0.030,0,0
2016-06-25 07:00,1.545,0.025,0,0
2016-06-25 08:00,1.580,0.031,0,0
2016-06-25 09:00,1.505,0.024,0,0
2016-06-25 10:00,1.292,0.013,0,0
2016-06-25 11:00,0.981,0.045,0,0
2016-06-25 12:00,0.667,0.017,0,0
2016-06-25 13:00,0.393,0.017,0,0
2016-06-25 14:00,0.158,0.018,0,0
2016-06-25 15:00,0.113,0.016,0,0
2016-06-25 16:00,0.193,0.020,0,0
2016-06-25 17:00,0.354,0.013,0,0
2016-06-25 18:00,0.649,0.014,0,0
2016-06-25 19:00,0.918,0.018,0,0
2016-06-25 20:00,1.128,0.028,0,0
2016-06-25 21:00,1.337,0.028,0,0
2016-06-25 22:00,1.429,0.023,0,0
2016-06-25 23:00,1.306,0.018,0,0
2016-06-26 00:00,1.176,0.014,0,0
2016-06-26 01:00,1.034,0.033,0,0
2016-06-26 02:00,0.865,0.029,0,0
2016-06-26 03:00,0.875,0.012,0,0
2016-06-26 04:00,0.857,0.023,0,0
2016-06-26 05:00,0.998,0.014,0,0
2016-06-26 06:00,1.175,0.040,0,0
2016-06-26 07:00,1.364,0.014,0,0
2016-06-26 08:00,1.429,0.035,0,0
2016-06-26 09:00,1.489,0.020,0,0
2016-06-26 10:00,1.349,0.030,0,0
2016-06-26 11:00,1.205,0.015,0,0
2016-06-26 12:00,0.941,0.022,0,0
2016-06-26 13:00,0.678,0.014,0,0
2016-06-26 14:00,0.397,0.023,0,0
2016-06-26 15:00,0.287,0.010,0,0
2016-06-26 16:00,0.217,0.011,0,0
2016-06-26 17:00,0.269,0.016,0,0
2016-06-26 18:00,0.514,0.013,0,0
2016-06-26 19:00,0.743,0.009,0,0
2016-06-26 20:00,1.038,0.019,0,0
2016-06-26 21:00,1.226,0.010,0,0
2016-06-26 22:00,1.410,0.013,0,0
2016-06-26 23:00,1.403,0.010,0,0
2016-06-27 00:00,1.410,0.017,0,0
2016-06-27 01:00,1.248,0.013,0,0
2016-06-27 02:00,1.066,0.009,0,0
2016-06-27 03:00,0.902,0.019,0,0
2016-06-27 04:00,0.804,0.011,0,0
2016-06-27 05:00,0.810,0.014,0,0
2016-06-27 06:00,0.913,0.015,0,0
2016-06-27 07:00,1.015,0.012,0,0
2016-06-27 08:00,1.123,0.006,0,0
2016-06-27 09:00,1.272,0.017,0,0
2016-06-27 10:00,1.303,0.009,0,0
2016-06-27 11:00,1.293,0.012,0,0
2016-06-27 12:00,1.141,0.012,0,0
2016-06-27 13:00,0.958,0.014,0,0
2016-06-27 14:00,0.663,0.017,0,0
2016-06-27 15:00,0.501,0.009,0,0
2016-06-27 16:00,0.330,0.013,0,0
2016-06-27 17:00,0.347,0.017,0,0
2016-06-27 18:00,0.411,0.006,0,0
2016-06-27 19:00,0.644,0.008,0,0
2016-06-27 20:00,0.836,0.010,0,0
2016-06-27 21:00,1.126,0.013,0,0
2016-06-27 22:00,1.397,0.019,0,0
2016-06-27 23:00,1.572,0.014,0,0
2016-06-28 00:00,1.474,0.021,0,0
2016-06-28 01:00,1.422,0.020,0,0
2016-06-28 02:00,1.234,0.010,0,0
2016-06-28 03:00,1.099,0.010,0,0
2016-06-28 04:00,0.855,0.019,0,0
2016-06-28 05:00,0.726,0.009,0,0
2016-06-28 06:00,0.595,0.008,0,0
2016-06-28 07:00,0.661,0.015,0,0
2016-06-28 08:00,0.731,0.006,0,0
2016-06-28 09:00,0.887,0.015,0,0
2016-06-28 10:00,1.052,0.009,0,0
2016-06-28 11:00,1.162,0.010,0,0
2016-06-28 12:00,1.168,0.010,0,0
2016-06-28 13:00,1.149,0.017,0,0
2016-06-28 14:00,0.905,0.009,0,0
2016-06-28 15:00,0.748,0.010,0,0
2016-06-28 16:00,0.537,0.019,0,0
2016-06-28 17:00,0.477,0.006,0,0
2016-06-28 18:00,0.413,0.009,0,0
2016-06-28 19:00,0.494,0.007,0,0
2016-06-28 20:00,0.738,0.005,0,0
2016-06-28 21:00,0.977,0.011,0,0
2016-06-28 22:00,1.319,0.013,0,0
2016-06-28 23:00,1.542,0.014,0,0
2016-06-29 00:00,1.630,0.009,0,0
2016-06-29 01:00,1.640,0.024,0,0
2016-06-29 02:00,1.599,0.009,0,0
2016-06-29 03:00,1.355,0.008,0,0
2016-06-29 04:00,1.028,0.017,0,0
2016-06-29 05:00,0.782,0.010,0,0
2016-06-29 06:00,0.582,0.010,0,0
2016-06-29 07:00,0.431,0.011,0,0
2016-06-29 08:00,0.460,0.009,0,0
2016-06-29 09:00,0.557,0.006,0,0
2016-06-29 10:00,0.707,0.010,0,0
2016-06-29 11:00,0.882,0.010,0,0
2016-06-29 12:00,1.106,0.022,0,0
2016-06-29 13:00,1.125,0.013,0,0
2016-06-29 14:00,1.137,0.011,0,0
2016-06-29 15:00,1.011,0.010,0,0
2016-06-29 16:00,0.881,0.016,0,0
2016-06-29 17:00,0.686,0.010,0,0
2016-06-29 18:00,0.518,0.009,0,0
2016-06-29 19:00,0.488,0.021,0,0
2016-06-29 20:00,0.591,0.006,0,0
2016-06-29 21:00,0.826,0.011,0,0
2016-06-29 22:00,1.176,0.015,0,0
2016-06-29 23:00,1.412,0.015,0,0
2016-06-30 00:00,1.723,0.014,0,0
2016-06-30 01:00,1.855,0.016,0,0
2016-06-30 02:00,1.791,0.020,0,0
2016-06-30 03:00,1.632,0.020,0,0
2016-06-30 04:00,1.302,0.006,0,0
2016-06-30 05:00,0.912,0.015,0,0
2016-06-30 06:00,0.631,0.011,0,0
2016-06-30 07:00,0.353,0.014,0,0
2016-06-30 08:00,0.230,0.013,0,0
2016-06-30 09:00,0.232,0.010,0,0
2016-06-30 10:00,0.381,0.009,0,0
2016-06-30 11:00,0.619,0.008,0,0
2016-06-30 12:00,0.832,0.011,0,0
2016-06-30 13:00,1.054,0.007,0,0
2016-06-30 14:00,1.173,0.014,0,0
2016-06-30 15:00,1.184,0.015,0,0
2016-06-30 16:00,1.075,0.007,0,0
2016-06-30 17:00,0.839,0.011,0,0
2016-06-30 18:00,0.675,0.011,0,0
2016-06-30 19:00,0.557,0.006,0,0
2016-06-30 20:00,0.581,0.010,0,0
2016-06-30 21:00,0.678,0.010,0,0
2016-06-30 22:00,0.939,0.010,0,0
2016-06-30 23:00,1.268,0.016,0,0
2016-07-01 00:00,1.572,0.012,0,0
2016-07-01 01:00,1.843,0.013,0,0
2016-07-01 02:00,1.986,0.013,0,0
2016-07-01 03:00,1.893,0.013,0,0
2016-07-01 04:00,1.651,0.018,0,0
2016-07-01 05:00,1.279,0.018,0,0
2016-07-01 06:00,0.874,0.023,0,0
2016-07-01 07:00,0.488,0.007,0,0
2016-07-01 08:00,0.151,0.020,0,0
2016-07-01 09:00,0.030,0.010,0,0
2016-07-01 10:00,0.045,0.008,0,0
2016-07-01 11:00,0.165,0.005,0,0
2016-07-01 12:00,0.534,0.008,0,0
2016-07-01 13:00,0.806,0.008,0,0
2016-07-01 14:00,1.063,0.008,0,0
2016-07-01 15:00,1.214,0.012,0,0
2016-07-01 16:00,1.252,0.014,0,0
2016-07-01 17:00,1.144,0.008,0,0
2016-07-01 18:00,0.913,0.010,0,0
2016-07-01 19:00,0.725,0.014,0,0
2016-07-01 20:00,0.624,0.010,0,0
2016-07-01 21:00,0.625,0.016,0,0
2016-07-01 22:00,0.790,0.011,0,0
2016-07-01 23:00,0.987,0.009,0,0
2016-07-02 00:00,1.377,0.012,0,0
2016-07-02 01:00,1.718,0.014,0,0
2016-07-02 02:00,1.938,0.019,0,0
2016-07-02 03:00,2.030,0.014,0,0
2016-07-02 04:00,1.955,0.013,0,0
2016-07-02 05:00,1.669,0.011,0,0
2016-07-02 06:00,1.169,0.009,0,0
2016-07-02 07:00,0.698,0.017,0,0
2016-07-02 08:00,0.206,0.010,0,0
2016-07-02 09:00,-0.060,0.016,0,0
2016-07-02 10:00,-0.230,0.006,0,0
2016-07-02 11:00,-0.129,0.008,0,0
2016-07-02 12:00,0.114,0.007,0,0
2016-07-02 13:00,0.442,0.012,0,0
2016-07-02 14:00,0.810,0.005,0,0
2016-07-02 15:00,1.120,0.011,0,0
2016-07-02 16:00,1.216,0.009,0,0
2016-07-02 17:00,1.232,0.010,0,0
2016-07-02 18:00,1.098,0.021,0,0
2016-07-02 19:00,0.957,0.016,0,0
2016-07-02 20:00,0.702,0.016,0,0
2016-07-02 21:00,0.646,0.006,0,0
2016-07-02 22:00,0.673,0.008,0,0
2016-07-02 23:00,0.859,0.010,0,0
2016-07-03 00:00,1.121,0.007,0,0
2016-07-03 01:00,1.475,0.017,0,0
2016-07-03 02:00,1.823,0.012,0,0
2016-07-03 03:00,2.037,0.011,0,0
2016-07-03 04:00,2.072,0.016,0,0
2016-07-03 05:00,1.902,0.017,0,0
2016-07-03 06:00,1.499,0.023,0,0
2016-07-03 07:00,0.997,0.005,0,0
2016-07-03 08:00,0.548,0.017,0,0
2016-07-03 09:00,0.124,0.011,0,0
2016-07-03 10:00,-0.205,0.007,0,0
2016-07-03 11:00,-0.275,0.008,0,0
2016-07-03 12:00,-0.176,0.007,0,0
2016-07-03 13:00,0.114,0.005,0,0
2016-07-03 14:00,0.511,0.007,0,0
2016-07-03 15:00,0.902,0.019,0,0
2016-07-03 16:00,1.133,0.008,0,0
2016-07-03 17:00,1.287,0.009,0,0
2016-07-03 18:00,1.251,0.012,0,0
2016-07-03 19:00,1.113,0.011,0,0
2016-07-03 20:00,0.894,0.007,0,0
2016-07-03 21:00,0.695,0.006,0,0
2016-07-03 22:00,0.574,0.016,0,0
2016-07-03 23:00,0.687,0.006,0,0
2016-07-04 00:00,0.868,0.011,0,0
2016-07-04 01:00,1.235,0.015,0,0
2016-07-04 02:00,1.542,0.005,0,0
2016-07-04 03:00,1.906,0.016,0,0
2016-07-04 04:00,2.074,0.013,0,0
2016-07-04 05:00,2.094,0.020,0,0
2016-07-04 06:00,1.810,0.018,0,0
2016-07-04 07:00,1.353,0.008,0,0
2016-07-04 08:00,0.892,0.028,0,0
2016-07-04 09:00,0.357,0.006,0,0
2016-07-04 10:00,-0.039,0.013,0,0
2016-07-04 11:00,-0.291,0.007,0,0
2016-07-04 12:00,-0.352,0.015,0,0
2016-07-04 13:00,-0.157,0.011,0,0
2016-07-04 14:00,0.135,0.004,0,0
2016-07-04 15:00,0.566,0.008,0,0
2016-07-04 16:00,0.952,0.005,0,0
2016-07-04 17:00,1.190,0.010,0,0
2016-07-04 18:00,1.322,0.020,0,0
2016-07-04 19:00,1.261,0.016,0,0
2016-07-04 20:00,1.080,0.016,0,0
2016-07-04 21:00,0.844,0.013,0,0
2016-07-04 22:00,0.659,0.017,0,0
2016-07-04 23:00,0.625,0.008,0,0
2016-07-05 00:00,0.701,0.007,0,0
2016-07-05 01:00,0.956,0.010,0,0
2016-07-05 02:00,1.265,0.007,0,0
2016-07-05 03:00,1.672,0.016,0,0
2016-07-05 04:00,1.969,0.013,0,0
2016-07-05 05:00,2.071,0.019,0,0
2016-07-05 06:00,1.943,0.010,0,0
2016-07-05 07:00,1.684,0.013,0,0
2016-07-05 08:00,1.227,0.028,0,0
2016-07-05 09:00,0.724,0.016,0,0
2016-07-05 10:00,0.247,0.017,0,0
2016-07-05 11:00,-0.149,0.016,0,0
2016-07-05 12:00,-0.377,0.004,0,0
2016-07-05 13:00,-0.288,0.010,0,0
2016-07-05 14:00,-0.068,0.010,0,0
2016-07-05 15:00,0.331,0.004,0,0
2016-07-05 16:00,0.685,0.015,0,0
2016-07-05 17:00,1.039,0.014,0,0
2016-07-05 18:00,1.259,0.006,0,0
2016-07-05 19:00,1.308,0.009,0,0
2016-07-05 20:00,1.232,0.007,0,0
2016-07-05 21:00,1.038,0.010,0,0
2016-07-05 22:00,0.868,0.007,0,0
2016-07-05 23:00,0.720,0.014,0,0
2016-07-06 00:00,0.610,0.029,0,0
2016-07-06 01:00,0.735,0.020,0,0
2016-07-06 02:00,0.941,0.008,0,0
2016-07-06 03:00,1.310,0.023,0,0
2016-07-06 04:00,1.643,0.012,0,0
2016-07-06 05:00,1.921,0.015,0,0
2016-07-06 06:00,1.956,0.023,0,0
2016-07-06 07:00,1.830,0.022,0,0
2016-07-06 08:00,1.511,0.012,0,0
2016-07-06 09:00,1.056,0.009,0,0
2016-07-06 10:00,0.523,0.006,0,0
2016-07-06 11:00,0.147,0.027,0,0
2016-07-06 12:00,-0.188,0.004,0,0
2016-07-06 13:00,-0.294,0.006,0,0
2016-07-06 14:00,-0.211,0.004,0,0
2016-07-06 15:00,0.067,0.011,0,0
2016-07-06 16:00,0.412,0.002,0,0
2016-07-06 17:00,0.761,0.011,0,0
2016-07-06 18:00,1.091,0.022,0,0
2016-07-06 19:00,1.273,0.023,0,0
2016-07-06 20:00,1.305,0.013,0,0
2016-07-06 21:00,1.231,0.006,0,0
2016-07-06 22:00,1.004,0.004,0,0
2016-07-06 23:00,0.823,0.005,0,0
2016-07-07 00:00,0.703,0.004,0,0
2016-07-07 01:00,0.643,0.005,0,0
2016-07-07 02:00,0.786,0.005,0,0
2016-07-07 03:00,1.059,0.007,0,0
2016-07-07 04:00,1.381,0.009,0,0
2016-07-07 05:00,1.626,0.010,0,0
2016-07-07 06:00,1.775,0.005,0,0
2016-07-07 07:00,1.798,0.007,0,0
2016-07-07 08:00,1.642,0.008,0,0
2016-07-07 09:00,1.328,0.004,0,0
2016-07-07 10:00,0.921,0.004,0,0
2016-07-07 11:00,0.509,0.023,0,0
2016-07-07 12:00,0.155,0.005,0,0
2016-07-07 13:00,-0.102,0.009,0,0
2016-07-07 14:00,-0.073,0.012,0,0
2016-07-07 15:00,-0.026,0.015,0,0
2016-07-07 16:00,0.274,0.011,0,0
2016-07-07 17:00,0.599,0.008,0,0
2016-07-07 18:00,0.922,0.006,0,0
2016-07-07 19:00,1.210,0.003,0,0
2016-07-07 20:00,1.345,0.011,0,0
2016-07-07 21:00,1.325,0.005,0,0
2016-07-07 22:00,1.208,0.015,0,0
2016-07-07 23:00,0.998,0.006,0,0
2016-07-08 00:00,0.817,0.010,0,0
2016-07-08 01:00,0.772,0.016,0,0
2016-07-08 02:00,0.734,0.009,0,0
2016-07-08 03:00,0.900,0.005,0,0
2016-07-08 04:00,1.077,0.012,0,0
2016-07-08 05:00,1.385,0.006,0,0
2016-07-08 06:00,1.524,0.005,0,0
2016-07-08 07:00,1.662,0.005,0,0
2016-07-08 08:00,1.637,0.017,0,0
2016-07-08 09:00,1.462,0.007,0,0
2016-07-08 10:00,1.140,0.009,0,0
2016-07-08 11:00,0.796,0.008,0,0
2016-07-08 12:00,0.441,0.008,0,0
2016-07-08 13:00,0.184,0.006,0,0
2016-07-08 14:00,0.054,0.004,0,0
2016-07-08 15:00,0.075,0.006,0,0
2016-07-08 16:00,0.180,0.009,0,0
2016-07-08 17:00,0.487,0.019,0,0
2016-07-08 18:00,0.774,0.004,0,0
2016-07-08 19:00,1.060,0.011,0,0
2016-07-08 20:00,1.230,0.015,0,0
2016-07-08 21:00,1.333,0.027,0,0
2016-07-08 22:00,1.283,0.014,0,0
2016-07-08 23:00,1.166,0.007,0,0
2016-07-09 00:00,0.956,0.009,0,0
2016-07-09 01:00,0.866,0.012,0,0
2016-07-09 02:00,0.756,0.008,0,0
2016-07-09 03:00,0.803,0.012,0,0
2016-07-09 04:00,0.857,0.008,0,0
2016-07-09 05:00,1.077,0.006,0,0
2016-07-09 06:00,1.216,0.016,0,0
2016-07-09 07:00,1.397,0.010,0,0
2016-07-09 08:00,1.448,0.016,0,0
2016-07-09 09:00,1.394,0.013,0,0
2016-07-09 10:00,1.256,0.008,0,0
2016-07-09 11:00,1.066,0.008,0,0
2016-07-09 12:00,0.686,0.011,0,0
2016-07-09 13:00,0.428,0.015,0,0
2016-07-09 14:00,0.211,0.003,0,0
2016-07-09 15:00,0.206,0.008,0,0
2016-07-09 16:00,0.161,0.008,0,0
2016-07-09 17:00,0.371,0.004,0,0
2016-07-09 18:00,0.634,0.025,0,0
2016-07-09 19:00,0.902,0.041,0,0
2016-07-09 20:00,1.105,0.007,0,0
2016-07-09 21:00,1.306,0.010,0,0
2016-07-09 22:00,1.273,0.008,0,0
2016-07-09 23:00,1.284,0.007,0,0
2016-07-10 00:00,1.123,0.017,0,0
2016-07-10 01:00,0.984,0.014,0,0
2016-07-10 02:00,0.894,0.008,0,0
2016-07-10 03:00,0.818,0.005,0,0
2016-07-10 04:00,0.789,0.005,0,0
2016-07-10 05:00,0.844,0.022,0,0
2016-07-10 06:00,1.022,0.018,0,0
2016-07-10 07:00,1.106,0.009,0,0
2016-07-10 08:00,1.171,0.007,0,0
2016-07-10 09:00,1.248,0.007,0,0
2016-07-10 10:00,1.235,0.012,0,0
2016-07-10 11:00,1.093,0.009,0,0
2016-07-10 12:00,0.847,0.006,0,0
2016-07-10 13:00,0.698,0.007,0,0
2016-07-10 14:00,0.522,0.009,0,0
2016-07-10 15:00,0.383,0.009,0,0
2016-07-10 16:00,0.349,0.006,0,0
2016-07-10 17:00,0.385,0.005,0,0
2016-07-10 18:00,0.568,0.005,0,0
2016-07-10 19:00,0.810,0.010,0,0
2016-07-10 20:00,0.995,0.012,0,0
2016-07-10 21:00,1.230,0.013,0,0
2016-07-10 22:00,1.362,0.015,0,0
2016-07-10 23:00,1.410,0.018,0,0
2016-07-11 00:00,1.348,0.019,0,0
2016-07-11 01:00,1.225,0.011,0,0
2016-07-11 02:00,1.066,0.007,0,0
2016-07-11 03:00,0.965,0.008,0,0
2016-07-11 04:00,0.843,0.011,0,0
2016-07-11 05:00,0.843,0.005,0,0
2016-07-11 06:00,0.868,0.008,0,0
2016-07-11 07:00,0.906,0.015,0,0
2016-07-11 08:00,1.049,0.014,0,0
2016-07-11 09:00,1.106,0.006,0,0
2016-07-11 10:00,1.122,0.007,0,0
2016-07-11 11:00,1.110,0.011,0,0
2016-07-11 12:00,1.010,0.008,0,0
2016-07-11 13:00,0.881,0.009,0,0
2016-07-11 14:00,0.741,0.013,0,0
2016-07-11 15:00,0.584,0.006,0,0
2016-07-11 16:00,0.520,0.007,0,0
2016-07-11 17:00,0.531,0.007,0,0
2016-07-11 18:00,0.595,0.004,0,0
2016-07-11 19:00,0.727,0.006,0,0
2016-07-11 20:00,0.965,0.010,0,0
2016-07-11 21:00,1.181,0.012,0,0
2016-07-11 22:00,1.359,0.015,0,0
2016-07-11 23:00,1.409,0.012,0,0
2016-07-12 00:00,1.446,0.007,0,0
2016-07-12 01:00,1.368,0.005,0,0
2016-07-12 02:00,1.216,0.011,0,0
2016-07-12 03:00,1.042,0.012,0,0
2016-07-12 04:00,0.899,0.014,0,0
2016-07-12 05:00,0.763,0.013,0,0
2016-07-12 06:00,0.699,0.008,0,0
2016-07-12 07:00,0.713,0.004,0,0
2016-07-12 08:00,0.760,0.012,0,0
2016-07-12 09:00,0.804,0.021,0,0
2016-07-12 10:00,0.963,0.014,0,0
2016-07-12 11:00,0.964,0.013,0,0
2016-07-12 12:00,0.996,0.007,0,0
2016-07-12 13:00,0.983,0.006,0,0
2016-07-12 14:00,0.923,0.013,0,0
2016-07-12 15:00,0.800,0.014,0,0
2016-07-12 16:00,0.642,0.010,0,0
2016-07-12 17:00,0.601,0.007,0,0
2016-07-12 18:00,0.637,0.008,0,0
2016-07-12 19:00,0.670,0.003,0,0
2016-07-12 20:00,0.856,0.011,0,0
2016-07-12 21:00,1.047,0.009,0,0
2016-07-12 22:00,1.268,0.006,0,0
2016-07-12 23:00,1.403,0.013,0,0
2016-07-13 00:00,1.529,0.008,0,0
2016-07-13 01:00,1.503,0.006,0,0
2016-07-13 02:00,1.427,0.011,0,0
2016-07-13 03:00,1.241,0.005,0,0
2016-07-13 04:00,0.999,0.004,0,0
2016-07-13 05:00,0.844,0.016,0,0
2016-07-13 06:00,0.618,0.005,0,0
2016-07-13 07:00,0.598,0.017,0,0
2016-07-13 08:00,0.516,0.020,0,0
2016-07-13 09:00,0.653,0.032,0,0
2016-07-13 10:00,0.684,0.005,0,0
2016-07-13 11:00,0.831,0.023,0,0
2016-07-13 12:00,0.917,0.005,0,0
2016-07-13 13:00,0.944,0.008,0,0
2016-07-13 14:00,0.953,0.006,0,0
2016-07-13 15:00,0.910,0.015,0,0
2016-07-13 16:00,0.786,0.017,0,0
2016-07-13 17:00,0.671,0.006,0,0
2016-07-13 18:00,0.649,0.007,0,0
2016-07-13 19:00,0.646,0.013,0,0
2016-07-13 20:00,0.705,0.009,0,0
2016-07-13 21:00,0.948,0.012,0,0
2016-07-13 22:00,1.114,0.006,0,0
2016-07-13 23:00,1.290,0.010,0,0
2016-07-14 00:00,1.462,0.006,0,0
2016-07-14 01:00,1.586,0.007,0,0
2016-07-14 02:00,1.502,0.012,0,0
2016-07-14 03:00,1.446,0.008,0,0
2016-07-14 04:00,1.155,0.017,0,0
2016-07-14 05:00,0.942,0.017,0,0
2016-07-14 06:00,0.695,0.013,0,0
2016-07-14 07:00,0.509,0.004,0,0
2016-07-14 08:00,0.390,0.006,0,0
2016-07-14 09:00,0.351,0.004,0,0
2016-07-14 10:00,0.502,0.014,0,0
2016-07-14 11:00,0.600,0.008,0,0
2016-07-14 12:00,0.748,0.009,0,0
2016-07-14 13:00,0.910,0.006,0,0
2016-07-14 14:00,1.000,0.004,0,0
2016-07-14 15:00,0.948,0.008,0,0
2016-07-14 16:00,0.968,0.006,0,0
2016-07-14 17:00,0.932,0.011,0,0
2016-07-14 18:00,0.749,0.003,0,0
2016-07-14 19:00,0.774,0.020,0,0
2016-07-14 20:00,0.767,0.014,0,0
2016-07-14 21:00,0.835,0.005,0,0
2016-07-14 22:00,0.991,0.009,0,0
2016-07-14 23:00,1.212,0.009,0,0
2016-07-15 00:00,1.469,0.015,0,0
2016-07-15 01:00,1.584,0.008,0,0
2016-07-15 02:00,1.617,0.010,0,0
2016-07-15 03:00,1.546,0.012,0,0
2016-07-15 04:00,1.296,0.017,0,0
2016-07-15 05:00,1.105,0.019,0,0
2016-07-15 06:00,0.735,0.015,0,0
2016-07-15 07:00,0.488,0.018,0,0
2016-07-15 08:00,0.270,0.015,0,0
2016-07-15 09:00,0.238,0.020,0,0
2016-07-15 10:00,0.315,0.029,0,0
2016-07-15 11:00,0.515,0.019,0,0
2016-07-15 12:00,0.625,0.011,0,0
2016-07-15 13:00,0.843,0.005,0,0
2016-07-15 14:00,0.965,0.024,0,0
2016-07-15 15:00,1.116,0.006,0,0
2016-07-15 16:00,1.058,0.006,0,0
2016-07-15 17:00,1.022,0.008,0,0
2016-07-15 18:00,0.810,0.015,0,0
2016-07-15 19:00,0.732,0.009,0,0
2016-07-15 20:00,0.733,0.011,0,0
2016-07-15 21:00,0.725,0.005,0,0
2016-07-15 22:00,0.947,0.031,0,0
2016-07-15 23:00,1.227,0.011,0,0
2016-07-16 00:00,1.416,0.020,0,0
2016-07-16 01:00,1.559,0.006,0,0
2016-07-16 02:00,1.713,0.009,0,0
2016-07-16 03:00,1.641,0.019,0,0
2016-07-16 04:00,1.525,0.008,0,0
2016-07-16 05:00,1.219,0.010,0,0
2016-07-16 06:00,0.959,0.013,0,0
2016-07-16 07:00,0.612,0.011,0,0
2016-07-16 08:00,0.384,0.020,0,0
2016-07-16 09:00,0.154,0.019,0,0
2016-07-16 10:00,0.092,0.011,0,0
2016-07-16 11:00,0.224,0.012,0,0
2016-07-16 12:00,0.391,0.013,0,0
2016-07-16 13:00,0.696,0.005,0,0
2016-07-16 14:00,0.892,0.006,0,0
2016-07-16 15:00,1.090,0.010,0,0
2016-07-16 16:00,1.103,0.006,0,0
2016-07-16 17:00,1.102,0.012,0,0
2016-07-16 18:00,0.982,0.013,0,0
2016-07-16 19:00,0.888,0.011,0,0
2016-07-16 20:00,0.834,0.008,0,0
2016-07-16 21:00,0.835,0.019,0,0
2016-07-16 22:00,0.917,0.012,0,0
2016-07-16 23:00,1.046,0.011,0,0
2016-07-17 00:00,1.244,0.008,0,0
2016-07-17 01:00,1.532,0.032,0,0
2016-07-17 02:00,1.712,0.014,0,0
2016-07-17 03:00,1.825,0.009,0,0
2016-07-17 04:00,1.693,0.017,0,0
2016-07-17 05:00,1.500,0.019,0,0
2016-07-17 06:00,1.152,0.016,0,0
2016-07-17 07:00,0.792,0.017,0,0
2016-07-17 08:00,0.407,0.009,0,0
2016-07-17 09:00,0.135,0.008,0,0
2016-07-17 10:00,0.030,0.004,0,0
2016-07-17 11:00,0.059,0.008,0,0
2016-07-17 12:00,0.186,0.006,0,0
2016-07-17 13:00,0.498,0.013,0,0
2016-07-17 14:00,0.736,0.007,0,0
2016-07-17 15:00,0.963,0.009,0,0
2016-07-17 16:00,1.100,0.006,0,0
2016-07-17 17:00,1.198,0.010,0,0
2016-07-17 18:00,1.081,0.008,0,0
2016-07-17 19:00,0.925,0.013,0,0
2016-07-17 20:00,0.810,0.007,0,0
2016-07-17 21:00,0.756,0.008,0,0
2016-07-17 22:00,0.724,0.015,0,0
2016-07-17 23:00,0.901,0.007,0,0
2016-07-18 00:00,1.124,0.011,0,0
2016-07-18 01:00,1.411,0.009,0,0
2016-07-18 02:00,1.635,0.021,0,0
2016-07-18 03:00,1.810,0.009,0,0
2016-07-18 04:00,1.831,0.010,0,0
2016-07-18 05:00,1.658,0.015,0,0
2016-07-18 06:00,1.403,0.009,0,0
2016-07-18 07:00,1.038,0.009,0,0
2016-07-18 08:00,0.570,0.017,0,0
2016-07-18 09:00,0.197,0.007,0,0
2016-07-18 10:00,0.006,0.009,0,0
2016-07-18 11:00,-0.076,0.005,0,0
2016-07-18 12:00,0.030,0.016,0,0
2016-07-18 13:00,0.269,0.006,0,0
2016-07-18 14:00,0.581,0.011,0,0
2016-07-18 15:00,0.852,0.005,0,0
2016-07-18 16:00,1.081,0.013,0,0
2016-07-18 17:00,1.158,0.014,0,0
2016-07-18 18:00,1.134,0.012,0,0
2016-07-18 19:00,1.018,0.007,0,0
2016-07-18 20:00,0.837,0.005,0,0
2016-07-18 21:00,0.712,0.011,0,0
2016-07-18 22:00,0.698,0.006,0,0
2016-07-18 23:00,0.771,0.006,0,0
2016-07-19 00:00,0.955,0.005,0,0
2016-07-19 01:00,1.205,0.016,0,0
2016-07-19 02:00,1.536,0.009,0,0
2016-07-19 03:00,1.779,0.008,0,0
2016-07-19 04:00,1.866,0.012,0,0
2016-07-19 05:00,1.841,0.013,0,0
2016-07-19 06:00,1.566,0.006,0,0
2016-07-19 07:00,1.217,0.017,0,0
2016-07-19 08:00,0.706,0.019,0,0
2016-07-19 09:00,0.319,0.019,0,0
2016-07-19 10:00,0.007,0.013,0,0
2016-07-19 11:00,-0.162,0.005,0,0
2016-07-19 12:00,-0.160,0.008,0,0
2016-07-19 13:00,0.057,0.005,0,0
2016-07-19 14:00,0.287,0.016,0,0
2016-07-19 15:00,0.673,0.004,0,0
2016-07-19 16:00,0.971,0.006,0,0
2016-07-19 17:00,1.146,0.019,0,0
2016-07-19 18:00,1.202,0.000,1,0
2016-07-19 19:00,1.088,0.006,0,0
2016-07-19 20:00,0.993,0.009,0,0
2016-07-19 21:00,0.795,0.013,0,0
2016-07-19 22:00,0.728,0.006,0,0
2016-07-19 23:00,0.643,0.013,0,0
2016-07-20 00:00,0.825,0.009,0,0
2016-07-20 01:00,1.064,0.008,0,0
2016-07-20 02:00,1.377,0.008,0,0
2016-07-20 03:00,1.629,0.013,0,0
2016-07-20 04:00,1.853,0.013,0,0
2016-07-20 05:00,1.877,0.022,0,0
2016-07-20 06:00,1.730,0.022,0,0
2016-07-20 07:00,1.458,0.026,0,0
2016-07-20 08:00,1.067,0.008,0,0
2016-07-20 09:00,0.554,0.007,0,0
2016-07-20 10:00,0.179,0.014,0,0
2016-07-20 11:00,-0.106,0.018,0,0
2016-07-20 12:00,-0.161,0.008,0,0
2016-07-20 13:00,-0.047,0.010,0,0
2016-07-20 14:00,0.206,0.009,0,0
2016-07-20 15:00,0.505,0.011,0,0
2016-07-20 16:00,0.839,0.011,0,0
2016-07-20 17:00,1.132,0.005,0,0
2016-07-20 18:00,1.256,0.008,0,0
2016-07-20 19:00,1.257,0.009,0,0
2016-07-20 20:00,1.082,0.008,0,0
2016-07-20 21:00,0.909,0.009,0,0
2016-07-20 22:00,0.742,0.012,0,0
2016-07-20 23:00,0.659,0.008,0,0
2016-07-21 00:00,0.687,0.008,0,0
2016-07-21 01:00,0.862,0.021,0,0
2016-07-21 02:00,1.159,0.008,0,0
2016-07-21 03:00,1.467,0.015,0,0
2016-07-21 04:00,1.745,0.010,0,0
2016-07-21 05:00,1.899,0.009,0,0
2016-07-21 06:00,1.865,0.014,0,0
2016-07-21 07:00,1.653,0.013,0,0
2016-07-21 08:00,1.324,0.013,0,0
2016-07-21 09:00,0.893,0.015,0,0
2016-07-21 10:00,0.485,0.010,0,0
2016-07-21 11:00,0.100,0.004,0,0
2016-07-21 12:00,-0.143,0.004,0,0
2016-07-21 13:00,-0.135,0.006,0,0
2016-07-21 14:00,0.020,0.006,0,0
2016-07-21 15:00,0.343,0.012,0,0
2016-07-21 16:00,0.680,0.009,0,0
2016-07-21 17:00,1.029,0.007,0,0
2016-07-21 18:00,1.237,0.004,0,0
2016-07-21 19:00,1.326,0.008,0,0
2016-07-21 20:00,1.234,0.013,0,0
2016-07-21 21:00,1.072,0.014,0,0
2016-07-21 22:00,0.884,0.009,0,0
2016-07-21 23:00,0.730,0.011,0,0
2016-07-22 00:00,0.654,0.005,0,0
2016-07-22 01:00,0.684,0.026,0,0
2016-07-22 02:00,0.939,0.012,0,0
2016-07-22 03:00,1.190,0.014,0,0
2016-07-22 04:00,1.481,0.013,0,0
2016-07-22 05:00,1.738,0.012,0,0
2016-07-22 06:00,1.806,0.012,0,0
2016-07-22 07:00,1.770,0.012,0,0
2016-07-22 08:00,1.532,0.017,0,0
2016-07-22 09:00,1.145,0.018,0,0
2016-07-22 10:00,0.691,0.007,0,0
2016-07-22 11:00,0.341,0.006,0,0
2016-07-22 12:00,0.000,0.020,0,0
2016-07-22 13:00,-0.081,0.006,0,0
2016-07-22 14:00,0.001,0.008,0,0
2016-07-22 15:00,0.224,0.007,0,0
2016-07-22 16:00,0.484,0.007,0,0
2016-07-22 17:00,0.820,0.016,0,0
2016-07-22 18:00,1.147,0.014,0,0
2016-07-22 19:00,1.324,0.012,0,0
2016-07-22 20:00,1.348,0.013,0,0
2016-07-22 21:00,1.235,0.006,0,0
2016-07-22 22:00,1.044,0.005,0,0
2016-07-22 23:00,0.823,0.005,0,0
2016-07-23 00:00,0.685,0.008,0,0
2016-07-23 01:00,0.651,0.009,0,0
2016-07-23 02:00,0.752,0.007,0,0
2016-07-23 03:00,0.952,0.011,0,0
2016-07-23 04:00,1.246,0.013,0,0
2016-07-23 05:00,1.505,0.011,0,0
2016-07-23 06:00,1.677,0.009,0,0
2016-07-23 07:00,1.737,0.018,0,0
2016-07-23 08:00,1.627,0.012,0,0
2016-07-23 09:00,1.362,0.017,0,0
2016-07-23 10:00,1.056,0.010,0,0
2016-07-23 11:00,0.661,0.010,0,0
2016-07-23 12:00,0.278,0.006,0,0
2016-07-23 13:00,0.068,0.008,0,0
2016-07-23 14:00,0.034,0.006,0,0
2016-07-23 15:00,0.142,0.011,0,0
2016-07-23 16:00,0.379,0.013,0,0
2016-07-23 17:00,0.732,0.013,0,0
2016-07-23 18:00,1.067,0.016,0,0
2016-07-23 19:00,1.344,0.005,0,0
2016-07-23 20:00,1.400,0.009,0,0
2016-07-23 21:00,1.478,0.010,0,0
2016-07-23 22:00,1.266,0.014,0,0
2016-07-23 23:00,1.102,0.011,0,0
2016-07-24 00:00,0.872,0.008,0,0
2016-07-24 01:00,0.713,0.017,0,0
2016-07-24 02:00,0.677,0.008,0,0
2016-07-24 03:00,0.785,0.005,0,0
2016-07-24 04:00,0.942,0.007,0,0
2016-07-24 05:00,1.199,0.011,0,0
2016-07-24 06:00,1.387,0.007,0,0
2016-07-24 07:00,1.548,0.008,0,0
2016-07-24 08:00,1.577,0.018,0,0
2016-07-24 09:00,1.482,0.007,0,0
2016-07-24 10:00,1.265,0.013,0,0
2016-07-24 11:00,0.875,0.008,0,0
2016-07-24 12:00,0.585,0.004,0,0
2016-07-24 13:00,0.322,0.010,0,0
2016-07-24 14:00,0.151,0.009,0,0
2016-07-24 15:00,0.182,0.012,0,0
2016-07-24 16:00,0.300,0.007,0,0
2016-07-24 17:00,0.569,0.015,0,0
2016-07-24 18:00,0.901,0.007,0,0
2016-07-24 19:00,1.195,0.007,0,0
2016-07-24 20:00,1.374,0.018,0,0
2016-07-24 21:00,1.484,0.010,0,0
2016-07-24 22:00,1.426,0.012,0,0
2016-07-24 23:00,1.271,0.013,0,0
2016-07-25 00:00,1.050,0.010,0,0
2016-07-25 01:00,0.843,0.011,0,0
2016-07-25 02:00,0.716,0.009,0,0
2016-07-25 03:00,0.634,0.014,0,0
2016-07-25 04:00,0.691,0.008,0,0
2016-07-25 05:00,0.848,0.006,0,0
2016-07-25 06:00,1.021,0.007,0,0
2016-07-25 07:00,1.210,0.007,0,0
2016-07-25 08:00,1.363,0.007,0,0
2016-07-25 09:00,1.390,0.015,0,0
2016-07-25 10:00,1.301,0.014,0,0
2016-07-25 11:00,1.092,0.006,0,0
2016-07-25 12:00,0.832,0.006,0,0
2016-07-25 13:00,0.583,0.012,0,0
2016-07-25 14:00,0.361,0.008,0,0
2016-07-25 15:00,0.226,0.007,0,0
2016-07-25 16:00,0.295,0.005,0,0
2016-07-25 17:00,0.440,0.012,0,0
2016-07-25 18:00,0.715,0.012,0,0
2016-07-25 19:00,1.013,0.007,0,0
2016-07-25 20:00,1.282,0.012,0,0
2016-07-25 21:00,1.467,0.018,0,0
2016-07-25 22:00,1.578,0.011,0,0
2016-07-25 23:00,1.476,0.008,0,0
2016-07-26 00:00,1.331,0.006,0,0
2016-07-26 01:00,1.061,0.015,0,0
2016-07-26 02:00,0.832,0.011,0,0
2016-07-26 03:00,0.716,0.014,0,0
2016-07-26 04:00,0.586,0.016,0,0
2016-07-26 05:00,0.625,0.011,0,0
2016-07-26 06:00,0.739,0.008,0,0
2016-07-26 07:00,0.851,0.010,0,0
2016-07-26 08:00,1.015,0.009,0,0
2016-07-26 09:00,1.130,0.017,0,0
2016-07-26 10:00,1.189,0.009,0,0
2016-07-26 11:00,1.195,0.009,0,0
2016-07-26 12:00,1.037,0.011,0,0
2016-07-26 13:00,0.856,0.017,0,0
2016-07-26 14:00,0.650,0.008,0,0
2016-07-26 15:00,0.476,0.008,0,0
2016-07-26 16:00,0.437,0.008,0,0
2016-07-26 17:00,0.480,0.009,0,0
2016-07-26 18:00,0.618,0.016,0,0
2016-07-26 19:00,0.977,0.010,0,0
2016-07-26 20:00,1.175,0.014,0,0
2016-07-26 21:00,1.411,0.014,0,0
2016-07-26 22:00,1.609,0.029,0,0
2016-07-26 23:00,1.710,0.016,0,0
2016-07-27 00:00,1.588,0.013,0,0
2016-07-27 01:00,1.397,0.016,0,0
2016-07-27 02:00,1.195,0.009,0,0
2016-07-27 03:00,0.967,0.013,0,0
2016-07-27 04:00,0.657,0.005,0,0
2016-07-27 05:00,0.606,0.008,0,0
2016-07-27 06:00,0.523,0.008,0,0
2016-07-27 07:00,0.567,0.010,0,0
2016-07-27 08:00,0.699,0.011,0,0
2016-07-27 09:00,0.841,0.009,0,0
2016-07-27 10:00,1.015,0.023,0,0
2016-07-27 11:00,1.104,0.004,0,0
2016-07-27 12:00,1.103,0.010,0,0
2016-07-27 13:00,1.074,0.009,0,0
2016-07-27 14:00,0.904,0.012,0,0
2016-07-27 15:00,0.765,0.010,0,0
2016-07-27 16:00,0.658,0.025,0,0
2016-07-27 17:00,0.549,0.022,0,0
2016-07-27 18:00,0.568,0.017,0,0
2016-07-27 19:00,0.762,0.009,0,0
2016-07-27 20:00,0.978,0.004,0,0
2016-07-27 21:00,1.281,0.008,0,0
2016-07-27 22:00,1.510,0.004,0,0
2016-07-27 23:00,1.684,0.008,0,0
2016-07-28 00:00,1.750,0.007,0,0
2016-07-28 01:00,1.706,0.006,0,0
2016-07-28 02:00,1.448,0.018,0,0
2016-07-28 03:00,1.214,0.006,0,0
2016-07-28 04:00,0.896,0.016,0,0
2016-07-28 05:00,0.660,0.004,0,0
2016-07-28 06:00,0.442,0.008,0,0
2016-07-28 07:00,0.370,0.006,0,0
2016-07-28 08:00,0.378,0.006,0,0
2016-07-28 09:00,0.517,0.003,0,0
2016-07-28 10:00,0.641,0.012,0,0
2016-07-28 11:00,0.908,0.012,0,0
2016-07-28 12:00,0.981,0.008,0,0
2016-07-28 13:00,1.112,0.015,0,0
2016-07-28 14:00,1.087,0.004,0,0
2016-07-28 15:00,1.032,0.004,0,0
2016-07-28 16:00,0.889,0.006,0,0
2016-07-28 17:00,0.744,0.008,0,0
2016-07-28 18:00,0.689,0.005,0,0
2016-07-28 19:00,0.704,0.009,0,0
2016-07-28 20:00,0.773,0.019,0,0
2016-07-28 21:00,1.097,0.010,0,0
2016-07-28 22:00,1.312,0.005,0,0
2016-07-28 23:00,1.641,0.009,0,0
2016-07-29 00:00,1.782,0.011,0,0
2016-07-29 01:00,1.894,0.007,0,0
2016-07-29 02:00,1.778,0.009,0,0
2016-07-29 03:00,1.644,0.013,0,0
2016-07-29 04:00,1.240,0.009,0,0
2016-07-29 05:00,0.881,0.013,0,0
2016-07-29 06:00,0.512,0.011,0,0
2016-07-29 07:00,0.326,0.004,0,0
2016-07-29 08:00,0.192,0.009,0,0
2016-07-29 09:00,0.174,0.006,0,0
2016-07-29 10:00,0.346,0.005,0,0
2016-07-29 11:00,0.590,0.013,0,0
2016-07-29 12:00,0.836,0.014,0,0
2016-07-29 13:00,1.075,0.028,0,0
2016-07-29 14:00,1.183,0.004,0,0
2016-07-29 15:00,1.205,0.008,0,0
2016-07-29 16:00,1.089,0.010,0,0
2016-07-29 17:00,1.002,0.006,0,0
2016-07-29 18:00,0.886,0.005,0,0
2016-07-29 19:00,0.793,0.010,0,0
2016-07-29 20:00,0.742,0.006,0,0
2016-07-29 21:00,0.872,0.004,0,0
2016-07-29 22:00,1.169,0.007,0,0
2016-07-29 23:00,1.405,0.013,0,0
2016-07-30 00:00,1.729,0.008,0,0
2016-07-30 01:00,1.890,0.012,0,0
2016-07-30 02:00,1.980,0.011,0,0
2016-07-30 03:00,1.844,0.008,0,0
2016-07-30 04:00,1.631,0.006,0,0
2016-07-30 05:00,1.217,0.005,0,0
2016-07-30 06:00,0.816,0.004,0,0
2016-07-30 07:00,0.386,0.008,0,0
2016-07-30 08:00,0.144,0.007,0,0
2016-07-30 09:00,0.010,0.022,0,0
2016-07-30 10:00,0.039,0.005,0,0
2016-07-30 11:00,0.280,0.007,0,0
2016-07-30 12:00,0.574,0.009,0,0
2016-07-30 13:00,0.826,0.036,0,0
2016-07-30 14:00,1.122,0.030,0,0
2016-07-30 15:00,1.215,0.016,0,0
2016-07-30 16:00,1.327,0.015,0,0
2016-07-30 17:00,1.091,0.015,0,0
2016-07-30 18:00,1.043,0.021,0,0
2016-07-30 19:00,0.774,0.009,0,0
2016-07-30 20:00,0.711,0.004,0,0
2016-07-30 21:00,0.716,0.004,0,0
2016-07-30 22:00,0.926,0.011,0,0
2016-07-30 23:00,1.170,0.012,0,0
2016-07-31 00:00,1.466,0.008,0,0
2016-07-31 01:00,1.801,0.018,0,0
2016-07-31 02:00,2.027,0.020,0,0
2016-07-31 03:00,2.044,0.011,0,0
2016-07-31 04:00,1.902,0.014,0,0
2016-07-31 05:00,1.556,0.006,0,0
2016-07-31 06:00,1.094,0.019,0,0
2016-07-31 07:00,0.694,0.009,0,0
2016-07-31 08:00,0.251,0.009,0,0
2016-07-31 09:00,0.016,0.014,0,0
2016-07-31 10:00,-0.130,0.006,0,0
2016-07-31 11:00,0.017,0.004,0,0
2016-07-31 12:00,0.193,0.004,0,0
2016-07-31 13:00,0.603,0.006,0,0
2016-07-31 14:00,0.875,0.005,0,0
2016-07-31 15:00,1.159,0.014,0,0
2016-07-31 16:00,1.310,0.012,0,0
2016-07-31 17:00,1.360,0.008,0,0
2016-07-31 18:00,1.189,0.008,0,0
2016-07-31 19:00,0.991,0.007,0,0
2016-07-31 20:00,0.769,0.009,0,0
2016-07-31 21:00,0.719,0.005,0,0
2016-07-31 22:00,0.724,0.007,0,0
2016-07-31 23:00,0.925,0.013,0,0
